timestamp,gpu_dedicated_gib,gpu_shared_gib,gpu_committed_gib,disk_write_mbs,disk_read_mbs,commit_charge_gib,free_ram_gib,process_working_set_gib,process_private_gib,process_read_mbs,process_write_mbs
2026-08-31T14:11:56.6250577+02:00,0.901,0.176,1.133,0.1,3506.5,40.724,44.926,0.137,0.213,0.0,0.0
2026-08-31T14:11:59.3080670+02:00,0.901,0.176,1.133,0.0,3818.0,50.119,35.477,0.137,0.213,0.0,0.0
2026-08-31T14:12:01.9440895+02:00,0.901,0.176,1.133,0.1,4246.7,36.592,49.107,0.137,0.304,0.0,0.0
2026-08-31T14:12:04.5698053+02:00,0.901,0.176,1.133,0.0,4739.3,53.655,32.006,0.137,0.304,0.0,0.0
2026-08-31T14:12:07.3791748+02:00,0.901,0.176,1.133,0.0,5495.3,73.618,12.104,0.137,0.304,0.0,0.0
2026-08-31T14:12:10.0376394+02:00,0.901,0.176,1.133,6.0,814.4,48.834,37.009,0.137,0.304,0.0,0.0
2026-08-31T14:12:12.6679391+02:00,0.901,0.176,1.133,0.4,5988.2,39.856,46.171,0.137,0.326,0.0,0.0
2026-08-31T14:12:15.2905151+02:00,26.454,0.176,26.686,0.0,1.8,67.028,52.196,0.137,34.674,0.0,0.0
2026-08-31T14:12:17.9437507+02:00,60.556,0.176,61.381,0.0,0.5,95.757,50.189,2.003,62.134,0.0,0.0
2026-08-31T14:12:20.6074012+02:00,60.567,5.457,67.049,0.5,20.6,101.550,44.692,7.393,67.802,0.0,0.0
2026-08-31T14:12:23.2787992+02:00,60.578,11.113,72.342,0.4,0.7,106.226,39.269,12.729,73.093,0.0,0.0
2026-08-31T14:12:25.9272513+02:00,60.590,16.880,78.411,0.2,0.0,111.340,33.930,17.961,77.596,0.0,0.0
2026-08-31T14:12:28.5453493+02:00,60.592,17.764,78.412,0.8,688.2,111.399,31.906,19.940,77.596,0.0,0.0
2026-08-31T14:12:31.1880316+02:00,60.592,17.764,78.412,0.0,777.1,111.441,29.962,21.880,77.596,0.0,0.0
2026-08-31T14:12:33.8241810+02:00,60.592,17.764,78.412,0.0,791.7,111.329,27.891,23.990,77.596,0.0,0.0
2026-08-31T14:12:36.4493861+02:00,60.592,17.764,78.412,0.3,950.9,111.357,25.690,26.148,77.597,0.0,0.0
2026-08-31T14:12:39.1011968+02:00,60.592,17.764,78.412,0.0,797.1,111.401,23.549,28.291,77.597,0.0,0.0
2026-08-31T14:12:41.7475812+02:00,60.592,17.764,78.412,0.0,702.1,111.442,21.583,30.266,77.597,0.0,0.0
2026-08-31T14:12:44.3673874+02:00,60.592,17.764,78.412,0.0,821.0,111.328,19.515,32.347,77.597,0.0,0.0
2026-08-31T14:12:46.9985673+02:00,60.592,17.764,78.412,0.0,800.7,111.291,17.575,34.341,77.597,0.0,0.0
2026-08-31T14:12:49.6250682+02:00,60.592,17.764,78.412,0.0,766.1,111.292,15.636,36.275,77.597,0.0,0.0
2026-08-31T14:12:52.2540122+02:00,60.592,17.764,78.412,0.0,529.7,111.295,13.692,38.215,77.597,0.0,0.0
2026-08-31T14:12:54.8730907+02:00,60.592,17.764,78.412,0.0,843.3,111.294,11.675,40.269,77.597,0.0,0.0
2026-08-31T14:12:57.5004454+02:00,60.592,17.764,78.412,0.0,756.2,111.350,9.535,42.393,77.597,0.0,0.0
2026-08-31T14:13:00.1371376+02:00,60.592,17.764,78.412,0.2,712.3,111.407,7.520,44.410,77.597,0.0,0.0
2026-08-31T14:13:02.7752317+02:00,60.592,17.764,78.412,0.2,812.6,111.404,5.413,46.552,77.597,0.0,0.0
2026-08-31T14:13:05.4388223+02:00,60.592,17.764,78.412,1.0,39.8,111.313,4.401,47.533,77.597,0.0,0.0
2026-08-31T14:13:08.0570880+02:00,60.592,17.764,78.412,0.0,731.8,111.358,3.664,48.283,77.597,0.0,0.0
2026-08-31T14:13:10.7023075+02:00,60.592,17.764,78.412,0.0,530.8,111.418,2.256,49.351,77.597,0.0,0.0
2026-08-31T14:13:13.3572128+02:00,60.592,17.764,78.412,2.3,594.8,111.398,0.667,47.157,77.597,0.0,0.0
2026-08-31T14:13:15.9871626+02:00,60.592,17.764,78.412,0.2,746.9,111.416,0.781,44.690,77.597,0.0,0.0
2026-08-31T14:13:18.6165501+02:00,60.592,17.764,78.412,0.6,773.5,111.445,0.210,42.094,77.597,0.0,0.0
2026-08-31T14:13:21.2442921+02:00,60.592,17.745,78.412,0.0,692.9,111.545,0.681,39.400,77.597,0.0,0.0
2026-08-31T14:13:23.8915500+02:00,60.592,17.764,78.412,0.6,632.8,111.548,0.686,39.249,77.597,0.0,0.0
2026-08-31T14:13:26.5187368+02:00,60.592,17.764,78.412,0.4,636.1,111.405,0.483,39.483,77.597,0.0,0.0
2026-08-31T14:13:29.1523065+02:00,60.595,17.764,78.415,0.0,5.8,111.413,0.163,39.731,77.597,0.0,0.0
2026-08-31T14:13:31.7858651+02:00,60.595,17.764,78.415,0.0,202.2,111.412,0.175,39.645,77.597,0.0,0.0
2026-08-31T14:13:34.4223732+02:00,60.605,17.764,78.426,0.0,762.0,111.533,0.684,34.451,77.597,0.0,0.0
2026-08-31T14:13:37.0443363+02:00,60.611,17.764,78.431,0.0,797.3,111.597,0.595,34.086,77.597,0.0,0.0
2026-08-31T14:13:39.7071073+02:00,60.605,17.764,78.425,0.3,742.7,111.545,0.440,33.785,77.597,0.0,0.0
2026-08-31T14:13:42.3552472+02:00,60.626,17.764,78.447,0.0,759.1,111.460,0.171,34.041,77.597,0.0,0.0
2026-08-31T14:13:44.9937873+02:00,60.612,17.764,78.432,0.9,576.8,111.461,0.172,34.011,77.597,0.0,0.0
2026-08-31T14:13:47.6200574+02:00,60.620,17.764,78.440,0.0,805.2,111.439,0.171,34.008,77.597,0.0,0.0
2026-08-31T14:13:50.2546623+02:00,60.595,17.764,78.415,0.1,743.6,111.463,0.171,33.976,77.597,0.0,0.0
2026-08-31T14:13:52.9511019+02:00,60.640,17.767,78.466,0.0,645.5,111.774,0.277,33.842,77.597,0.0,0.0
2026-08-31T14:13:55.6091445+02:00,60.629,17.767,78.452,0.5,665.1,111.800,0.172,33.858,77.597,0.0,0.0
2026-08-31T14:13:58.2559681+02:00,60.638,17.767,78.462,0.0,739.7,111.679,0.172,34.789,77.597,0.0,0.0
2026-08-31T14:14:00.9433112+02:00,60.624,17.767,78.447,1.0,539.8,111.784,0.172,36.510,77.597,0.0,0.0
2026-08-31T14:14:03.6252839+02:00,60.624,17.767,78.447,0.3,698.4,111.646,0.169,38.317,77.597,0.0,0.0
2026-08-31T14:14:06.2784682+02:00,60.621,17.767,78.445,0.0,36.0,111.676,0.143,38.779,77.597,0.0,0.0
2026-08-31T14:14:08.9053415+02:00,60.618,17.764,78.438,0.5,670.9,111.421,0.172,39.922,77.597,0.0,0.0
2026-08-31T14:14:11.5261847+02:00,60.615,17.764,78.435,0.0,753.7,111.523,0.172,41.712,77.597,0.0,0.0
2026-08-31T14:14:14.1629210+02:00,60.604,17.764,78.425,0.0,545.2,111.562,0.172,43.395,77.597,0.0,0.0
2026-08-31T14:14:16.7962498+02:00,60.621,17.764,78.442,0.0,667.9,111.470,0.172,45.288,77.597,0.0,0.0
2026-08-31T14:14:19.4345894+02:00,60.624,17.764,78.444,0.1,622.0,111.419,0.172,47.130,77.597,0.0,0.0
2026-08-31T14:14:22.0718397+02:00,60.609,17.745,78.429,0.0,510.1,111.410,0.172,48.465,77.597,0.0,0.0
2026-08-31T14:14:24.7090514+02:00,60.609,17.745,78.429,0.4,427.8,111.386,0.172,49.498,77.597,0.0,0.0
2026-08-31T14:14:27.3321255+02:00,60.592,17.764,78.412,2.9,494.2,111.404,0.172,50.599,77.597,0.0,0.0
2026-08-31T14:14:30.0239335+02:00,60.609,17.765,79.360,0.0,210.4,113.493,0.108,51.366,79.455,0.0,0.0
2026-08-31T14:14:32.6547523+02:00,60.633,22.258,83.726,0.0,182.1,118.652,0.259,51.230,84.699,0.0,0.0
2026-08-31T14:14:35.2933915+02:00,60.643,24.930,85.629,0.0,48.7,119.709,0.518,50.884,85.734,0.0,0.0
2026-08-31T14:14:37.9271054+02:00,60.634,24.931,85.621,1.0,54.0,120.050,0.477,50.886,85.956,0.0,0.0
2026-08-31T14:14:40.5654199+02:00,60.642,24.931,85.629,165.0,394.3,120.402,0.476,50.916,86.398,0.0,0.0
2026-08-31T14:14:43.2207312+02:00,60.667,24.931,85.654,29.3,0.1,121.404,0.276,50.409,86.625,0.0,0.0
2026-08-31T14:14:45.8686096+02:00,60.667,24.931,85.654,0.1,335.5,121.006,0.976,50.129,86.772,0.0,0.0
2026-08-31T14:14:48.4852958+02:00,60.720,24.931,85.707,0.4,70.8,120.779,0.955,50.355,87.026,0.0,0.0
2026-08-31T14:14:51.1599223+02:00,60.703,24.931,85.690,0.0,57.1,120.987,0.747,50.551,87.364,0.0,0.0
2026-08-31T14:14:53.8148451+02:00,60.703,24.931,85.690,0.0,0.1,120.959,1.240,50.535,87.364,0.0,0.0
2026-08-31T14:14:56.4450186+02:00,60.718,24.931,85.705,0.1,38.5,121.204,0.974,50.753,87.582,0.0,0.0
2026-08-31T14:14:59.1160252+02:00,60.718,24.931,85.705,0.0,21.9,121.371,0.923,50.761,87.582,0.0,0.0
2026-08-31T14:15:01.7681053+02:00,60.718,24.931,85.705,0.0,143.6,121.098,1.018,50.652,87.472,0.0,0.0
2026-08-31T14:15:04.3956984+02:00,60.703,24.931,85.690,0.4,2.5,120.972,1.151,50.551,87.362,0.0,0.0
2026-08-31T14:15:07.0321715+02:00,60.703,24.931,85.690,0.1,10.0,120.955,1.130,50.551,87.362,0.0,0.0
2026-08-31T14:15:09.6625262+02:00,60.703,24.931,85.690,0.0,1.2,121.342,0.892,50.748,87.582,0.0,0.0
2026-08-31T14:15:12.2770434+02:00,60.703,24.931,85.690,0.0,27.3,121.172,0.926,50.749,87.582,0.0,0.0
2026-08-31T14:15:14.9063538+02:00,60.703,24.931,85.690,0.0,0.4,121.064,1.024,50.647,87.472,0.0,0.0
2026-08-31T14:15:17.5615612+02:00,60.703,24.931,85.690,0.0,2.5,121.060,1.019,50.648,87.472,0.0,0.0
2026-08-31T14:15:20.1846105+02:00,60.703,24.931,85.690,0.4,0.9,121.020,1.156,50.480,87.362,0.0,0.0
2026-08-31T14:15:22.8290567+02:00,60.699,24.912,85.686,6.0,25.9,121.224,0.897,50.702,87.601,0.0,0.0
2026-08-31T14:15:25.4819443+02:00,60.733,24.912,85.720,0.7,0.5,121.409,1.443,50.163,87.743,0.0,0.0
2026-08-31T14:15:28.1418456+02:00,60.733,24.912,85.720,0.0,0.5,121.461,1.428,50.164,87.743,0.0,0.0
2026-08-31T14:15:30.9373335+02:00,60.733,24.912,85.720,0.0,0.4,121.405,1.443,50.172,87.743,0.0,0.0
2026-08-31T14:15:33.7005747+02:00,60.734,24.912,85.721,0.8,0.2,121.360,1.446,50.172,87.754,0.0,0.0
2026-08-31T14:15:36.4678813+02:00,60.736,24.912,85.723,0.1,2.9,121.366,1.418,50.186,87.747,0.0,0.0
2026-08-31T14:15:39.2629359+02:00,60.737,24.912,85.724,0.3,0.0,121.533,1.385,50.187,87.757,0.0,0.0
2026-08-31T14:15:42.0382830+02:00,60.739,24.912,85.726,5.2,2.0,121.353,1.422,50.195,87.750,0.0,0.0
2026-08-31T14:15:44.7867996+02:00,60.740,24.912,85.727,0.0,0.0,121.383,1.459,50.204,87.763,0.0,0.0
2026-08-31T14:15:47.6105407+02:00,60.742,24.912,85.729,0.0,6.6,121.319,1.520,50.204,87.753,0.0,0.0
2026-08-31T14:15:50.3994254+02:00,60.743,24.912,85.730,0.0,0.4,121.372,1.500,50.212,87.767,0.0,0.0
2026-08-31T14:15:53.1785477+02:00,60.744,24.912,85.731,0.0,2.2,121.334,1.502,50.212,87.770,0.0,0.0
2026-08-31T14:15:55.9561832+02:00,60.746,24.912,85.733,0.2,0.1,121.332,1.511,50.221,87.773,0.0,0.0
2026-08-31T14:15:58.7598959+02:00,60.747,24.912,85.734,0.4,0.5,121.452,1.475,50.221,87.775,0.0,0.0
2026-08-31T14:16:01.5521265+02:00,60.748,24.931,85.735,0.6,0.7,121.330,1.507,50.229,87.779,0.0,0.0
2026-08-31T14:16:04.3247709+02:00,60.750,24.931,85.737,0.0,0.2,121.328,1.506,50.229,87.782,0.0,0.0
2026-08-31T14:16:07.1149031+02:00,60.751,24.931,85.738,0.1,0.0,121.310,1.498,50.238,87.763,0.0,0.0
2026-08-31T14:16:09.9064096+02:00,60.752,24.931,85.739,0.0,0.0,121.505,1.451,50.251,87.788,0.0,0.0
2026-08-31T14:16:12.6930920+02:00,60.761,24.931,85.748,0.0,0.2,121.327,1.490,50.251,87.766,0.0,0.0
2026-08-31T14:16:15.4333394+02:00,60.762,24.931,85.749,0.0,0.0,121.375,1.425,50.265,87.767,0.0,0.0
2026-08-31T14:16:18.2166566+02:00,60.762,24.931,85.749,0.0,0.0,121.485,1.395,50.265,87.768,0.0,0.0
2026-08-31T14:16:20.9971231+02:00,60.763,24.931,85.750,0.1,0.2,121.459,1.401,50.266,87.798,0.0,0.0
2026-08-31T14:16:23.7712309+02:00,60.761,24.931,85.748,0.0,0.0,121.410,1.411,50.266,87.800,0.0,0.0
2026-08-31T14:16:26.5478163+02:00,60.762,24.931,85.749,0.0,0.0,121.411,1.412,50.266,87.802,0.0,0.0
2026-08-31T14:16:29.3554827+02:00,60.770,24.931,85.757,0.0,0.3,121.574,1.366,50.266,87.804,0.0,0.0
2026-08-31T14:16:32.1425138+02:00,60.799,24.931,85.785,0.0,0.0,121.503,1.400,50.266,87.900,0.0,0.0
2026-08-31T14:16:34.9144711+02:00,60.799,24.931,85.785,0.0,0.0,121.561,1.381,50.266,87.868,0.0,0.0
2026-08-31T14:16:37.7223489+02:00,60.799,24.931,85.785,0.0,0.0,121.495,1.382,50.266,87.869,0.0,0.0
2026-08-31T14:16:40.5131849+02:00,60.794,24.931,85.781,0.0,1.8,121.541,1.359,50.266,87.869,0.0,0.0
2026-08-31T14:16:43.2786331+02:00,60.809,24.931,85.796,0.1,0.0,121.512,1.377,50.267,87.869,0.0,0.0
2026-08-31T14:16:46.0701216+02:00,60.806,24.931,85.793,0.5,0.0,121.500,1.383,50.267,87.869,0.0,0.0
2026-08-31T14:16:48.8660001+02:00,60.797,24.931,85.784,0.4,0.0,121.594,1.297,50.307,87.869,0.0,0.0
2026-08-31T14:16:51.6595472+02:00,60.735,24.971,85.762,0.2,6.6,121.514,1.281,50.348,87.847,0.0,0.0
2026-08-31T14:16:54.4811329+02:00,60.737,24.973,85.766,0.0,0.0,121.449,1.289,50.349,87.847,0.0,0.0
2026-08-31T14:16:57.2464365+02:00,60.737,24.974,85.767,0.0,0.0,121.446,1.292,50.351,87.847,0.0,0.0
2026-08-31T14:17:00.0675546+02:00,60.736,24.975,85.767,0.2,0.6,121.569,1.291,50.312,87.807,0.0,0.0
2026-08-31T14:17:02.8191100+02:00,60.728,24.976,85.760,0.0,0.0,121.415,1.305,50.313,87.807,0.0,0.0
2026-08-31T14:17:05.5964723+02:00,60.728,24.977,85.761,0.0,1.0,121.397,1.313,50.314,87.807,0.0,0.0
2026-08-31T14:17:08.3576351+02:00,60.724,24.978,85.758,0.0,0.3,121.515,1.271,50.316,87.807,0.0,0.0
2026-08-31T14:17:11.1595248+02:00,60.724,24.979,85.759,0.0,0.0,121.498,1.274,50.317,87.808,0.0,0.0
2026-08-31T14:17:13.9365264+02:00,60.724,24.980,85.760,0.0,0.0,121.387,1.300,50.318,87.808,0.0,0.0
2026-08-31T14:17:16.7279019+02:00,60.724,24.981,85.761,0.0,0.0,121.396,1.273,50.319,87.808,0.0,0.0
2026-08-31T14:17:19.4972169+02:00,60.724,24.982,85.762,0.4,0.1,121.565,1.228,50.321,87.808,0.0,0.0
2026-08-31T14:17:22.2784601+02:00,60.725,24.982,85.763,0.0,0.0,121.396,1.262,50.322,87.809,0.0,0.0
2026-08-31T14:17:25.0602237+02:00,60.725,24.983,85.764,0.0,0.0,121.398,1.258,50.323,87.809,0.0,0.0
2026-08-31T14:17:27.8526623+02:00,60.725,24.984,85.765,0.0,0.0,121.501,1.230,50.325,87.809,0.0,0.0
2026-08-31T14:17:30.6084968+02:00,60.725,24.985,85.766,0.0,1.4,121.461,1.247,50.326,87.809,0.0,0.0
2026-08-31T14:17:33.4041365+02:00,60.725,24.986,85.767,0.0,1.8,121.403,1.271,50.327,87.809,0.0,0.0
2026-08-31T14:17:36.2057541+02:00,60.725,24.988,85.769,0.0,1.3,121.407,1.266,50.328,87.809,0.0,0.0
2026-08-31T14:17:39.0004112+02:00,60.725,24.989,85.770,0.0,0.0,121.505,1.238,50.329,87.809,0.0,0.0
2026-08-31T14:17:41.7831497+02:00,60.725,24.990,85.771,0.0,0.5,121.396,1.259,50.330,87.809,0.0,0.0
2026-08-31T14:17:44.5786575+02:00,60.725,24.991,85.772,0.0,0.0,121.399,1.261,50.331,87.810,0.0,0.0
2026-08-31T14:17:47.3531377+02:00,60.725,24.992,85.773,0.3,0.1,121.367,1.304,50.332,87.810,0.0,0.0
2026-08-31T14:17:50.1564102+02:00,60.725,24.993,85.774,0.2,0.0,121.534,1.253,50.333,87.810,0.0,0.0
2026-08-31T14:17:52.9392943+02:00,60.725,24.994,85.775,0.7,0.1,121.425,1.237,50.397,87.873,0.0,0.0
2026-08-31T14:17:55.7172436+02:00,60.725,24.995,85.776,0.0,0.0,121.483,1.178,50.461,87.938,0.0,0.0
2026-08-31T14:17:58.4844304+02:00,60.725,24.996,85.777,0.1,0.2,121.605,1.141,50.464,87.941,0.0,0.0
2026-08-31T14:18:01.2907402+02:00,60.725,24.997,85.778,0.3,0.4,121.497,1.150,50.468,87.944,0.0,0.0
2026-08-31T14:18:04.0798618+02:00,60.724,24.931,85.779,0.0,0.2,121.433,1.228,50.405,87.882,0.0,0.0
2026-08-31T14:18:06.8415234+02:00,60.725,24.998,85.779,0.0,1.3,121.505,1.156,50.474,87.950,0.0,0.0
2026-08-31T14:18:09.6299587+02:00,60.725,24.999,85.780,0.0,0.3,121.674,1.106,50.477,87.953,0.0,0.0
2026-08-31T14:18:12.3938452+02:00,60.725,25.000,85.781,0.0,0.0,121.578,1.065,50.480,87.956,0.0,0.0
2026-08-31T14:18:15.1825918+02:00,60.725,25.001,85.782,0.3,0.0,121.557,1.093,50.483,87.959,0.0,0.0
2026-08-31T14:18:17.9616740+02:00,60.725,25.002,85.783,0.1,0.0,121.656,1.068,50.555,88.032,0.0,0.0
2026-08-31T14:18:20.7508168+02:00,60.725,25.003,85.784,0.0,1.5,121.540,1.128,50.416,87.892,0.0,0.0
2026-08-31T14:18:23.5227573+02:00,60.725,25.004,85.785,0.0,0.0,121.561,1.068,50.489,87.966,0.0,0.0
2026-08-31T14:18:26.2164545+02:00,60.725,25.005,85.786,0.0,0.0,121.489,1.147,50.420,87.896,0.0,0.0
2026-08-31T14:18:28.9852115+02:00,60.725,25.006,85.787,0.0,0.0,121.679,1.036,50.495,87.972,0.0,0.0
2026-08-31T14:18:31.7831017+02:00,60.741,25.007,85.804,12.2,2.4,121.582,1.055,50.498,87.975,0.0,0.0
2026-08-31T14:18:34.5614840+02:00,60.738,25.008,85.802,0.0,0.0,121.506,1.137,50.426,87.903,0.0,0.0
2026-08-31T14:18:37.3497966+02:00,60.728,25.009,85.794,0.4,0.1,121.568,1.056,50.504,87.981,0.0,0.0
2026-08-31T14:18:40.1771328+02:00,60.728,25.010,85.794,0.0,0.0,121.659,1.089,50.430,87.907,0.0,0.0
2026-08-31T14:18:42.9715649+02:00,60.728,25.011,85.795,0.0,1.0,121.579,1.045,50.510,87.987,0.0,0.0
2026-08-31T14:18:45.7712490+02:00,60.738,25.012,85.806,3.3,23.7,121.641,1.008,50.513,87.990,0.0,0.0
2026-08-31T14:18:48.5269380+02:00,60.738,25.013,85.807,0.0,0.8,121.750,0.905,50.516,87.993,0.0,0.0
2026-08-31T14:18:51.3304486+02:00,60.731,25.013,85.800,0.0,6.3,121.654,0.880,50.519,87.996,0.0,0.0
2026-08-31T14:18:54.1404213+02:00,60.776,25.016,85.850,1.8,27.0,121.949,0.991,50.160,87.999,0.0,0.0
2026-08-31T14:18:56.8822826+02:00,60.772,25.017,85.847,0.6,19.4,121.846,1.082,50.163,88.002,0.0,0.0
2026-08-31T14:18:59.6699522+02:00,60.759,25.018,85.833,1.1,11.6,121.808,1.149,50.080,87.919,0.0,0.0
2026-08-31T14:19:02.4405398+02:00,60.739,25.017,85.812,0.5,0.3,121.708,1.115,50.166,88.005,0.0,0.0
2026-08-31T14:19:05.2275948+02:00,60.729,25.018,85.802,0.8,0.3,121.609,1.205,50.084,87.923,0.0,0.0
2026-08-31T14:19:08.0362873+02:00,60.729,25.019,85.803,0.0,0.0,121.796,1.077,50.172,88.012,0.0,0.0
2026-08-31T14:19:10.8285092+02:00,60.741,25.020,85.817,0.0,1.3,121.661,1.182,50.089,87.928,0.0,0.0
2026-08-31T14:19:13.5999514+02:00,60.739,25.021,85.816,0.1,2.5,121.699,1.111,50.179,88.018,0.0,0.0
2026-08-31T14:19:16.3786903+02:00,60.738,25.022,85.816,0.0,0.0,121.699,1.110,50.182,88.021,0.0,0.0
2026-08-31T14:19:19.1362472+02:00,60.738,25.022,85.816,0.0,0.3,121.822,1.060,50.185,88.024,0.0,0.0
2026-08-31T14:19:21.9353904+02:00,60.741,24.985,85.819,0.0,0.0,121.741,1.075,50.188,88.027,0.0,0.0
2026-08-31T14:19:24.6846311+02:00,60.738,25.023,85.818,0.0,0.0,121.639,1.169,50.161,88.030,0.0,0.0
2026-08-31T14:19:27.4727040+02:00,60.727,25.024,85.807,0.0,0.0,121.622,1.167,50.099,87.938,0.0,0.0
2026-08-31T14:19:30.2681746+02:00,60.729,25.025,85.810,0.0,0.0,121.750,1.137,50.101,87.940,0.0,0.0
2026-08-31T14:19:33.0413520+02:00,60.725,25.026,85.807,0.0,0.0,121.705,1.078,50.197,88.036,0.0,0.0
2026-08-31T14:19:35.8262231+02:00,60.725,25.027,85.809,0.0,4.2,121.612,1.213,50.105,87.944,0.0,0.0
2026-08-31T14:19:38.6043255+02:00,60.725,25.028,85.810,0.5,0.7,121.827,1.074,50.203,88.042,0.0,0.0
2026-08-31T14:19:41.4036393+02:00,60.729,25.029,85.815,0.0,0.1,121.775,1.088,50.206,88.045,0.0,0.0
2026-08-31T14:19:44.1720729+02:00,60.730,25.029,85.816,0.0,0.0,121.717,1.113,50.209,88.048,0.0,0.0
2026-08-31T14:19:46.9124289+02:00,60.730,25.030,85.817,0.0,9.6,121.587,1.230,50.196,88.051,0.0,0.0
2026-08-31T14:19:49.6870793+02:00,60.727,25.031,85.814,0.5,1.3,121.846,1.101,50.212,88.051,0.0,0.0
2026-08-31T14:19:52.4332850+02:00,60.731,25.032,85.819,0.0,0.9,121.582,1.236,50.115,87.955,0.0,0.0
2026-08-31T14:19:55.2350600+02:00,60.730,25.033,85.820,0.0,0.0,121.585,1.233,50.117,87.957,0.0,0.0
2026-08-31T14:19:58.0609674+02:00,60.727,25.034,85.817,0.0,0.0,121.779,1.106,50.125,88.061,0.0,0.0
2026-08-31T14:20:00.8378778+02:00,60.727,25.035,85.818,0.0,0.1,121.682,1.157,50.025,87.961,0.0,0.0
2026-08-31T14:20:03.6100599+02:00,60.727,25.035,85.818,0.0,0.0,121.730,1.076,50.131,88.067,0.0,0.0
2026-08-31T14:20:06.3573128+02:00,60.731,25.036,85.824,0.7,0.2,121.738,1.158,50.134,88.070,0.0,0.0
2026-08-31T14:20:15.4896335+02:00,60.727,25.039,85.822,0.0,1.0,121.661,1.092,50.033,87.969,0.0,0.0
2026-08-31T14:20:18.2609689+02:00,60.739,25.040,85.835,0.0,0.0,121.901,0.954,50.143,88.079,0.0,0.0
2026-08-31T14:20:21.0415278+02:00,60.738,25.041,85.835,0.0,0.1,121.741,1.061,50.038,87.973,0.0,0.0
2026-08-31T14:20:23.8201780+02:00,60.731,25.042,85.829,0.0,0.2,121.795,0.961,50.129,88.085,0.0,0.0
2026-08-31T14:20:26.5940321+02:00,60.727,24.931,85.826,0.0,0.0,121.790,0.989,50.132,88.088,0.0,0.0
2026-08-31T14:20:29.3706379+02:00,60.727,25.043,85.826,0.2,0.0,121.907,0.957,50.135,88.091,0.0,0.0
2026-08-31T14:20:32.1345879+02:00,60.727,25.044,85.827,0.0,0.0,121.678,1.093,50.024,87.979,0.0,0.0
2026-08-31T14:20:34.9282710+02:00,60.727,25.045,85.828,0.0,0.0,121.776,0.992,50.138,88.094,0.0,0.0
2026-08-31T14:20:37.7016366+02:00,60.727,25.046,85.829,0.1,0.0,121.777,0.989,50.141,88.097,0.0,0.0
2026-08-31T14:20:40.5032955+02:00,60.727,25.047,85.830,0.2,0.1,121.844,0.957,50.119,88.100,0.0,0.0
2026-08-31T14:20:43.2349653+02:00,60.726,25.048,85.830,3.1,0.0,121.795,0.956,50.148,88.103,0.0,0.0
2026-08-31T14:20:46.0045829+02:00,60.727,25.048,85.831,0.3,0.1,121.675,1.180,50.034,87.990,0.0,0.0
2026-08-31T14:20:48.7821853+02:00,60.727,25.049,85.832,0.8,0.3,121.796,1.059,50.034,87.990,0.0,0.0
2026-08-31T14:20:51.5659349+02:00,60.727,25.050,85.833,0.3,0.1,121.738,1.067,50.036,87.992,0.0,0.0
2026-08-31T14:20:54.3449277+02:00,60.727,25.051,85.834,0.1,0.0,121.806,0.956,50.156,88.112,0.0,0.0
2026-08-31T14:20:57.1274899+02:00,60.727,25.052,85.835,0.0,0.0,121.685,1.080,50.040,87.996,0.0,0.0
2026-08-31T14:20:59.8833973+02:00,60.727,25.052,85.835,0.0,0.0,121.978,0.913,50.162,88.118,0.0,0.0
2026-08-31T14:21:02.6298196+02:00,60.733,25.053,85.842,0.2,0.1,121.699,1.094,50.042,87.998,0.0,0.0
2026-08-31T14:21:05.3980151+02:00,60.733,25.054,85.843,0.1,0.2,121.821,0.973,50.165,88.121,0.0,0.0
2026-08-31T14:21:08.1744453+02:00,60.731,25.054,85.841,0.0,0.0,121.925,0.944,50.155,88.111,0.0,0.0
2026-08-31T14:21:10.8222920+02:00,60.731,25.054,85.841,0.1,0.0,122.156,0.772,50.206,88.223,0.0,0.0
2026-08-31T14:21:13.5773458+02:00,60.743,25.056,85.855,0.0,1.6,121.961,0.908,50.206,88.223,0.0,0.0
2026-08-31T14:21:16.2379888+02:00,60.741,25.056,85.853,0.5,0.2,121.835,1.034,50.086,88.103,0.0,0.0
2026-08-31T14:21:18.9286690+02:00,60.729,25.056,85.841,0.0,0.2,121.933,0.997,50.086,88.103,0.0,0.0
2026-08-31T14:21:21.6142329+02:00,60.729,25.056,85.841,0.0,0.0,121.814,1.026,50.086,88.103,0.0,0.0
2026-08-31T14:21:24.2952072+02:00,60.741,25.056,85.853,0.0,0.0,121.829,1.018,50.086,88.103,0.0,0.0
2026-08-31T14:21:26.9737594+02:00,60.738,25.056,85.850,0.0,0.2,121.831,1.015,50.086,88.103,0.0,0.0
2026-08-31T14:21:29.6686346+02:00,60.738,25.056,85.850,0.5,0.1,122.030,0.985,50.183,88.103,0.0,0.0
2026-08-31T14:21:32.3470347+02:00,60.738,25.056,85.850,0.2,0.0,121.823,1.022,50.183,88.103,0.0,0.0
2026-08-31T14:21:35.0349206+02:00,60.731,25.056,85.843,0.1,0.9,121.801,1.031,50.183,88.103,0.0,0.0
2026-08-31T14:21:37.8136087+02:00,60.731,25.056,85.843,0.1,0.0,121.576,1.251,49.949,87.870,0.0,0.1
2026-08-31T14:21:40.6160644+02:00,60.736,25.056,85.851,0.3,0.1,121.648,1.224,49.950,87.870,0.0,0.0
2026-08-31T14:21:43.3826472+02:00,60.738,25.056,85.850,0.1,0.0,121.586,1.242,49.950,87.870,0.0,0.0
2026-08-31T14:21:46.1453519+02:00,60.738,25.056,85.850,0.5,0.0,121.586,1.239,49.950,87.870,0.0,0.0
2026-08-31T14:21:48.9143105+02:00,60.736,25.056,85.848,0.0,0.0,121.729,1.219,49.950,87.870,0.0,0.0
2026-08-31T14:21:51.6917146+02:00,60.738,25.056,85.850,0.0,0.0,121.594,1.232,49.950,87.870,0.0,0.0
2026-08-31T14:21:54.4541411+02:00,60.731,25.056,85.843,0.0,0.0,121.589,1.220,49.950,87.870,0.0,0.0
2026-08-31T14:21:57.2580856+02:00,60.727,25.056,85.839,0.0,0.0,121.580,1.248,49.950,87.870,0.0,0.0
2026-08-31T14:22:00.0597817+02:00,60.733,25.056,85.845,0.0,0.0,121.761,1.183,49.951,87.871,0.0,0.0
2026-08-31T14:22:02.8083654+02:00,60.733,25.056,85.845,0.0,0.0,121.587,1.234,49.951,87.871,0.0,0.0
2026-08-31T14:22:05.6039440+02:00,60.733,25.056,85.845,0.1,0.5,121.586,1.237,49.951,87.871,0.0,0.0
2026-08-31T14:22:08.4117580+02:00,60.731,25.056,85.843,0.0,0.5,121.698,1.203,49.951,87.871,0.0,0.0
2026-08-31T14:22:11.1975325+02:00,60.736,25.056,85.848,0.0,0.0,121.645,1.207,49.951,87.871,0.0,0.0
2026-08-31T14:22:13.9636199+02:00,60.732,25.056,85.844,0.0,0.0,121.593,1.231,49.951,87.871,0.0,0.0
2026-08-31T14:22:16.7447476+02:00,60.743,25.056,85.855,0.0,0.0,121.612,1.218,49.951,87.871,0.0,0.0
2026-08-31T14:22:19.5116340+02:00,60.743,25.056,85.855,0.1,0.0,121.751,1.182,49.952,87.871,0.0,0.0
2026-08-31T14:22:22.2857493+02:00,60.731,25.037,85.843,0.0,0.0,121.632,1.222,49.952,87.871,0.0,0.0
2026-08-31T14:22:25.0636147+02:00,60.729,25.056,85.841,0.1,0.0,121.618,1.223,49.952,87.872,0.0,0.0
2026-08-31T14:22:27.8444890+02:00,60.725,25.056,85.837,0.1,0.0,121.650,1.226,49.952,87.872,0.0,0.0
2026-08-31T14:22:30.6415026+02:00,60.725,25.056,85.837,0.0,0.0,121.678,1.200,49.952,87.873,0.0,0.0
2026-08-31T14:22:33.4498708+02:00,60.725,25.056,85.837,0.1,0.5,121.614,1.228,49.952,87.873,0.0,0.0
2026-08-31T14:22:36.2315935+02:00,60.725,25.056,85.837,0.0,0.2,121.613,1.227,49.953,87.873,0.0,0.0
2026-08-31T14:22:38.9451272+02:00,60.725,25.056,85.837,0.0,1.3,121.717,1.191,49.953,87.873,0.0,0.0
2026-08-31T14:22:41.7088192+02:00,60.725,25.056,85.837,0.0,0.0,121.601,1.224,49.953,87.873,0.0,0.0
2026-08-31T14:22:44.5203938+02:00,60.725,25.056,85.837,0.0,0.0,121.602,1.225,49.953,87.873,0.0,0.0
2026-08-31T14:22:47.2790524+02:00,60.725,25.056,85.837,4.1,2.3,121.641,1.223,49.953,87.873,0.0,0.0
2026-08-31T14:22:50.0769677+02:00,60.725,25.056,85.837,0.2,0.4,121.773,1.192,49.953,87.873,0.0,0.0
2026-08-31T14:22:52.8553133+02:00,60.725,25.056,85.837,0.2,0.0,121.596,1.250,49.953,87.873,0.0,0.0
2026-08-31T14:22:55.6132100+02:00,60.725,25.056,85.837,0.0,0.0,121.599,1.233,49.953,87.873,0.0,0.0
2026-08-31T14:22:58.3853550+02:00,60.725,25.056,85.837,0.1,0.2,121.712,1.201,49.954,87.874,0.0,0.0
2026-08-31T14:23:01.1718000+02:00,60.725,25.056,85.837,0.5,0.3,121.653,1.225,49.954,87.874,0.0,0.0
2026-08-31T14:23:03.9576062+02:00,60.725,25.056,85.837,0.0,0.5,121.600,1.235,49.954,87.874,0.0,0.0
2026-08-31T14:23:06.7601963+02:00,60.725,25.056,85.837,1.8,2.5,121.647,1.207,49.954,87.874,0.0,0.0
2026-08-31T14:23:09.5521688+02:00,60.725,25.056,85.837,0.0,0.2,121.707,1.188,49.954,87.874,0.0,0.0
2026-08-31T14:23:12.3312364+02:00,60.725,25.056,85.837,0.5,0.2,121.592,1.219,49.954,87.874,0.0,0.0
2026-08-31T14:23:15.0974439+02:00,60.725,25.056,85.837,0.0,0.2,121.596,1.219,49.954,87.874,0.0,0.0
2026-08-31T14:23:17.8658262+02:00,60.725,25.056,85.837,0.0,0.0,121.592,1.223,49.954,87.874,0.0,0.0
2026-08-31T14:23:20.6672570+02:00,60.725,25.056,85.837,0.0,0.0,121.662,1.187,49.954,87.874,0.0,0.0
2026-08-31T14:23:23.4348803+02:00,60.725,25.056,85.837,0.0,0.0,121.590,1.220,49.954,87.874,0.0,0.0
2026-08-31T14:23:26.2007196+02:00,60.725,25.056,85.837,0.0,0.0,121.589,1.223,49.955,87.874,0.0,0.0
2026-08-31T14:23:28.9853908+02:00,60.725,25.056,85.837,0.0,0.0,121.705,1.190,49.955,87.874,0.0,0.0
2026-08-31T14:23:31.7647629+02:00,60.725,25.056,85.837,0.0,0.1,121.588,1.220,49.955,87.874,0.0,0.0
2026-08-31T14:23:34.5439104+02:00,60.725,25.056,85.837,0.0,0.0,121.583,1.234,49.955,87.874,0.0,0.0
2026-08-31T14:23:37.3186568+02:00,60.725,25.056,85.837,0.0,0.0,121.584,1.226,49.955,87.874,0.0,0.0
2026-08-31T14:23:40.1094339+02:00,60.723,25.056,85.835,0.0,0.0,121.755,1.188,49.955,87.874,0.0,0.0
2026-08-31T14:23:42.8899682+02:00,60.725,25.056,85.837,0.0,0.0,121.586,1.225,49.955,87.874,0.0,0.0
2026-08-31T14:23:45.6635985+02:00,60.725,25.056,85.837,0.1,0.9,121.549,1.270,49.955,87.874,0.0,0.0
2026-08-31T14:23:48.4440213+02:00,60.725,25.056,85.837,0.0,0.0,121.663,1.240,49.955,87.874,0.0,0.0
2026-08-31T14:23:51.2536791+02:00,60.725,25.056,85.837,0.0,0.0,121.613,1.240,49.955,87.875,0.0,0.0
2026-08-31T14:23:54.0643257+02:00,60.765,25.058,85.881,4.7,12.3,121.790,1.124,49.955,87.875,0.0,0.0
2026-08-31T14:23:56.8511303+02:00,60.765,25.058,85.880,0.3,5.6,121.821,1.107,49.955,87.875,0.0,0.0
2026-08-31T14:23:59.6268615+02:00,60.737,25.056,85.849,0.3,0.1,121.758,1.195,49.955,87.875,0.0,0.0
2026-08-31T14:24:02.3894859+02:00,60.737,25.056,85.849,0.5,0.2,121.579,1.229,49.955,87.875,0.0,0.0
2026-08-31T14:24:05.1745151+02:00,60.734,25.056,85.846,0.0,0.0,121.570,1.246,49.956,87.875,0.0,0.0
2026-08-31T14:24:07.9489574+02:00,60.725,25.056,85.837,0.0,0.0,121.576,1.238,49.956,87.875,0.0,0.0
2026-08-31T14:24:10.7215847+02:00,60.725,25.056,85.837,0.1,0.2,121.621,1.217,49.956,87.875,0.0,0.0
2026-08-31T14:24:13.4910544+02:00,60.729,25.056,85.841,0.0,0.2,121.533,1.253,49.956,87.875,0.0,0.0
2026-08-31T14:24:16.3005181+02:00,60.738,25.056,85.850,0.0,0.0,121.589,1.209,49.956,87.875,0.0,0.0
2026-08-31T14:24:19.0608914+02:00,60.738,25.056,85.850,26.5,0.6,121.712,1.183,49.956,87.876,0.0,0.0
2026-08-31T14:24:21.8450241+02:00,60.738,25.056,85.850,0.0,0.4,121.622,1.202,49.956,87.876,0.0,0.0
2026-08-31T14:24:24.6151168+02:00,60.729,25.056,85.841,0.0,0.0,121.609,1.217,49.956,87.876,0.0,0.0
2026-08-31T14:24:27.3946032+02:00,60.729,25.056,85.841,0.0,22.2,121.597,1.217,49.956,87.876,0.0,0.0
2026-08-31T14:24:30.1883642+02:00,60.725,25.056,85.837,0.0,0.0,121.753,1.175,49.956,87.876,0.0,0.0
2026-08-31T14:24:32.9600268+02:00,60.725,25.056,85.837,0.2,0.1,121.635,1.207,49.957,87.876,0.0,0.0
2026-08-31T14:24:35.7117645+02:00,60.741,24.212,85.853,0.1,0.0,121.583,1.219,49.957,87.876,0.0,0.0
2026-08-31T14:24:38.4784470+02:00,60.732,25.056,85.843,0.0,0.0,121.679,1.191,49.957,87.876,0.0,0.0
2026-08-31T14:24:41.2535065+02:00,60.719,25.056,85.831,0.0,0.0,121.612,1.196,49.957,87.876,0.0,0.0
2026-08-31T14:24:44.0217231+02:00,60.719,25.056,85.831,0.1,0.0,121.558,1.214,49.957,87.876,0.0,0.0
2026-08-31T14:24:46.8081852+02:00,60.719,25.056,85.831,0.0,0.2,121.558,1.215,49.957,87.876,0.0,0.0
2026-08-31T14:24:49.6187808+02:00,60.719,25.056,85.831,9.5,4.6,121.661,1.208,49.957,87.877,0.0,0.0
2026-08-31T14:24:52.4148512+02:00,60.719,25.056,85.831,0.8,0.2,121.541,1.240,49.957,87.877,0.0,0.0
2026-08-31T14:24:55.1679807+02:00,60.720,25.056,85.832,0.0,0.0,121.541,1.256,49.957,87.877,0.0,0.0
2026-08-31T14:24:57.9673685+02:00,60.720,25.056,85.832,0.0,1.1,121.561,1.285,49.957,87.877,0.0,0.0
2026-08-31T14:25:00.7160426+02:00,60.722,25.056,85.834,0.0,0.0,121.593,1.276,48.542,87.877,0.0,0.0
2026-08-31T14:25:03.4822247+02:00,60.722,25.056,85.834,0.0,0.0,121.537,1.277,48.543,87.877,0.0,0.0
2026-08-31T14:25:06.2491777+02:00,60.719,25.056,85.831,0.2,0.6,121.528,1.298,48.543,87.877,0.0,0.0
2026-08-31T14:25:09.0374452+02:00,60.719,25.056,85.831,0.3,0.4,121.641,1.263,48.543,87.877,0.0,0.0
2026-08-31T14:25:11.8280386+02:00,60.719,25.056,85.831,4.0,1.8,121.533,1.297,48.543,87.877,0.0,0.0
2026-08-31T14:25:14.5879918+02:00,60.719,25.056,85.831,0.5,0.2,121.535,1.297,48.543,87.878,0.0,0.0
2026-08-31T14:25:17.3736933+02:00,60.719,25.056,85.831,0.0,0.0,121.541,1.300,48.543,87.878,0.0,0.0
2026-08-31T14:25:20.1546919+02:00,60.734,25.056,85.846,0.0,0.0,121.728,1.256,48.543,87.878,0.0,0.0
2026-08-31T14:25:22.9159389+02:00,60.722,25.056,85.834,0.0,0.0,121.552,1.306,48.543,87.878,0.0,0.0
2026-08-31T14:25:25.6599102+02:00,60.719,25.056,85.831,0.0,0.0,121.536,1.305,48.543,87.878,0.0,0.0
2026-08-31T14:25:28.4405683+02:00,60.719,25.056,85.831,0.0,0.1,121.645,1.280,48.543,87.878,0.0,0.0
2026-08-31T14:25:31.2108167+02:00,60.719,25.056,85.831,0.4,0.1,121.598,1.279,48.543,87.878,0.0,0.0
2026-08-31T14:25:33.9886352+02:00,60.727,25.056,85.839,0.2,0.0,121.569,1.286,48.544,87.878,0.0,0.0
2026-08-31T14:25:36.7797250+02:00,60.722,25.056,85.834,0.1,0.0,121.557,1.299,48.544,87.878,0.0,0.0
2026-08-31T14:25:39.5785583+02:00,60.722,25.056,85.834,0.1,0.0,121.642,1.273,48.544,87.878,0.0,0.0
2026-08-31T14:25:42.3512707+02:00,60.734,25.056,85.846,0.0,0.0,121.559,1.293,48.544,87.878,0.0,0.0
2026-08-31T14:25:45.1234760+02:00,60.722,25.056,85.834,0.0,0.5,121.516,1.173,48.544,87.878,0.0,0.0
2026-08-31T14:25:47.8951460+02:00,60.722,25.056,85.834,0.0,0.0,121.522,1.175,48.544,87.879,0.0,0.0
2026-08-31T14:25:50.6958459+02:00,60.724,25.056,85.836,0.0,0.0,121.581,1.148,48.544,87.879,0.0,0.0
2026-08-31T14:25:53.4451872+02:00,60.744,25.056,85.856,0.0,0.0,121.526,1.179,48.544,87.879,0.0,0.0
2026-08-31T14:25:56.2363801+02:00,60.743,25.056,85.855,0.0,0.0,121.521,1.180,48.544,87.879,0.0,0.0
2026-08-31T14:25:59.0513031+02:00,60.729,25.056,85.841,0.0,0.2,121.635,1.151,48.544,87.879,0.0,0.0
2026-08-31T14:26:01.7855676+02:00,60.729,25.056,85.841,0.0,0.0,121.509,1.174,48.545,87.879,0.0,0.0
2026-08-31T14:26:04.5580436+02:00,60.729,25.056,85.841,0.3,0.5,121.515,1.171,48.545,87.879,0.0,0.0
2026-08-31T14:26:07.3336004+02:00,60.734,25.056,85.846,0.0,0.2,121.516,1.173,48.545,87.879,0.0,0.0
2026-08-31T14:26:10.1409377+02:00,60.733,25.056,85.845,0.0,0.0,121.676,1.132,48.545,87.879,0.0,0.0
2026-08-31T14:26:12.9364032+02:00,60.731,25.056,85.843,0.1,0.0,121.509,1.177,48.545,87.879,0.0,0.0
2026-08-31T14:26:15.7108854+02:00,60.731,25.056,85.842,0.0,0.0,121.581,1.118,48.545,87.880,0.0,0.0
2026-08-31T14:26:18.5072725+02:00,60.733,25.056,85.845,0.0,0.0,121.651,1.098,48.545,87.880,0.0,0.0
2026-08-31T14:26:21.2149197+02:00,60.740,25.056,85.852,0.2,19.7,121.634,1.069,48.545,87.880,0.0,0.0
2026-08-31T14:26:23.9933775+02:00,60.740,25.056,85.852,0.0,0.0,121.575,1.085,48.545,87.880,0.0,0.0
2026-08-31T14:26:26.7168316+02:00,60.731,25.056,85.843,0.0,0.0,121.570,1.098,49.131,87.880,0.0,0.0
2026-08-31T14:26:29.5000822+02:00,60.731,25.056,85.842,0.3,0.1,121.678,1.066,49.131,87.880,0.0,0.0
2026-08-31T14:26:32.2811339+02:00,60.729,25.056,85.841,0.4,0.2,121.561,1.084,49.960,87.880,0.0,0.0
2026-08-31T14:26:35.0438318+02:00,60.725,25.056,85.837,0.0,0.0,121.565,1.101,49.960,87.880,0.0,0.0
2026-08-31T14:26:37.8488969+02:00,60.725,25.056,85.837,0.0,0.0,121.559,1.101,49.961,87.880,0.0,0.0
2026-08-31T14:26:40.6657848+02:00,60.725,25.056,85.837,0.2,0.0,121.732,1.055,49.961,87.880,0.0,0.0
2026-08-31T14:26:43.4345244+02:00,60.725,25.056,85.837,0.0,0.0,121.568,1.071,49.961,87.880,0.0,0.0
2026-08-31T14:26:46.2188455+02:00,60.725,25.056,85.837,0.5,0.0,121.561,1.102,49.961,87.880,0.0,0.0
2026-08-31T14:26:48.9923616+02:00,60.725,25.056,85.837,3.4,1.8,121.675,1.061,49.961,87.881,0.0,0.0
2026-08-31T14:26:51.7038009+02:00,60.725,25.056,85.837,0.0,0.0,121.541,1.146,49.961,87.881,0.0,0.0
2026-08-31T14:26:54.4590874+02:00,60.725,25.056,85.837,0.0,0.0,121.533,1.154,49.961,87.881,0.0,0.0
2026-08-31T14:26:57.2533788+02:00,60.725,25.056,85.837,0.0,0.0,121.538,1.153,49.961,87.881,0.0,0.0
2026-08-31T14:27:00.0358879+02:00,60.725,25.056,85.837,0.1,0.0,121.710,1.114,49.961,87.881,0.0,0.0
2026-08-31T14:27:02.8168370+02:00,60.725,25.056,85.837,0.1,0.0,121.535,1.154,49.961,87.881,0.0,0.0
2026-08-31T14:27:05.5943181+02:00,60.725,25.056,85.837,0.0,0.0,121.533,1.153,49.961,87.881,0.0,0.0
2026-08-31T14:27:08.3777862+02:00,60.725,25.056,85.837,0.0,1.0,121.645,1.116,49.961,87.881,0.0,0.0
2026-08-31T14:27:11.1830873+02:00,60.725,25.056,85.837,0.0,0.5,121.592,1.126,49.962,87.881,0.0,0.0
2026-08-31T14:27:13.9384290+02:00,60.725,25.056,85.837,0.0,0.0,121.540,1.140,49.962,87.881,0.0,0.0
2026-08-31T14:27:16.7112642+02:00,60.725,25.056,85.837,0.0,0.9,121.582,1.147,49.962,87.881,0.0,0.0
2026-08-31T14:27:19.5118668+02:00,60.725,25.056,85.837,0.1,0.2,121.653,1.110,49.962,87.881,0.0,0.0
2026-08-31T14:27:22.3022094+02:00,60.725,25.037,85.837,0.0,2.8,121.555,1.131,49.962,87.882,0.0,0.0
2026-08-31T14:27:25.0715510+02:00,60.725,25.057,85.838,0.0,0.0,121.688,1.003,50.088,88.008,0.0,0.0
2026-08-31T14:27:27.8323070+02:00,60.724,24.931,85.838,0.0,0.0,121.813,0.919,50.165,88.135,0.0,0.0
2026-08-31T14:27:30.6188125+02:00,60.725,25.057,85.839,0.0,0.0,121.858,1.009,50.168,88.138,0.0,0.0
2026-08-31T14:27:33.3797472+02:00,60.725,25.058,85.840,0.0,0.0,121.695,1.043,50.042,88.012,0.0,0.0
2026-08-31T14:27:36.1637631+02:00,60.725,25.059,85.841,0.0,0.0,121.731,1.039,50.044,88.014,0.0,0.0
2026-08-31T14:27:38.9956643+02:00,60.725,25.060,85.841,0.1,13.8,121.942,0.913,50.138,88.144,0.0,0.0
2026-08-31T14:27:41.7629565+02:00,60.724,24.931,85.842,1.3,0.0,121.877,0.919,50.141,88.147,0.0,0.0
2026-08-31T14:27:44.5030793+02:00,60.725,25.061,85.842,0.1,29.6,121.695,1.063,50.012,88.150,0.0,0.0
2026-08-31T14:27:47.2458792+02:00,60.725,25.062,85.843,0.1,0.1,121.700,1.063,50.014,88.020,0.0,0.0
2026-08-31T14:27:50.0219486+02:00,60.725,25.063,85.844,0.1,0.0,121.998,0.908,50.124,88.153,0.0,0.0
2026-08-31T14:27:52.7715626+02:00,60.725,25.064,85.845,0.8,1.5,121.699,1.078,49.995,88.024,0.0,0.0
2026-08-31T14:27:55.5454618+02:00,60.725,25.064,85.845,0.0,0.9,121.739,1.076,49.997,88.026,0.0,0.0
2026-08-31T14:27:58.3433008+02:00,60.725,25.065,85.846,0.4,0.1,121.809,1.052,49.997,88.026,0.0,0.0
2026-08-31T14:28:01.1040021+02:00,60.725,25.066,85.847,0.0,0.0,121.759,1.051,49.999,88.028,0.0,0.0
2026-08-31T14:28:03.8802333+02:00,60.725,25.067,85.848,0.0,0.0,121.706,1.075,50.001,88.030,0.0,0.0
2026-08-31T14:28:06.6585703+02:00,60.725,25.068,85.849,0.0,0.0,121.705,1.071,50.004,88.033,0.0,0.0
2026-08-31T14:28:09.4312873+02:00,60.725,25.068,85.849,0.0,2.0,121.963,0.901,50.142,88.172,0.0,0.0
2026-08-31T14:28:12.2072517+02:00,60.725,25.069,85.850,0.0,0.1,121.710,1.052,50.006,88.035,0.0,0.0
2026-08-31T14:28:15.0019989+02:00,60.725,25.070,85.851,0.3,0.2,121.705,1.067,50.008,88.037,0.0,0.0
2026-08-31T14:28:17.7422024+02:00,60.729,25.071,85.856,0.3,0.1,121.706,1.067,50.010,88.039,0.0,0.0
2026-08-31T14:28:20.5573764+02:00,60.733,25.072,85.862,0.1,0.1,122.025,0.913,49.984,88.041,0.0,0.0
2026-08-31T14:28:23.3270439+02:00,60.733,25.072,85.862,0.2,2.7,121.866,0.935,50.127,88.184,0.0,0.0
2026-08-31T14:28:26.0881399+02:00,60.741,25.073,85.870,0.0,0.0,121.724,1.079,49.986,88.043,0.0,0.0
2026-08-31T14:28:28.8862504+02:00,60.741,25.074,85.871,0.0,0.0,121.834,1.055,49.988,88.045,0.0,0.0
2026-08-31T14:28:31.6945238+02:00,60.731,25.075,85.862,0.0,0.2,121.811,1.063,49.962,88.047,0.0,0.0
2026-08-31T14:28:34.5002992+02:00,60.733,25.075,85.865,7.5,0.3,121.917,0.918,50.107,88.193,0.0,0.0
2026-08-31T14:28:37.3015520+02:00,60.734,25.076,85.866,0.0,0.0,121.731,1.078,49.964,88.049,0.0,0.0
2026-08-31T14:28:40.0930558+02:00,60.734,25.077,85.867,0.0,0.0,121.889,1.044,49.966,88.051,0.0,0.0
2026-08-31T14:28:42.8818036+02:00,60.731,25.078,85.865,0.3,0.0,121.749,1.071,49.968,88.053,0.0,0.0
2026-08-31T14:28:45.6697242+02:00,60.731,25.079,85.866,0.1,0.0,121.861,0.933,50.116,88.202,0.0,0.0
2026-08-31T14:28:48.4660933+02:00,60.727,25.079,85.863,0.0,0.0,121.832,1.050,49.972,88.057,0.0,0.0
2026-08-31T14:28:51.2623949+02:00,60.727,25.080,85.864,0.2,2.8,121.645,1.183,49.823,87.908,0.0,0.0
2026-08-31T14:28:54.0643000+02:00,60.767,25.084,85.907,21.8,6.2,122.030,0.962,49.909,88.059,0.0,0.0
2026-08-31T14:28:56.8641563+02:00,60.768,25.085,85.910,0.2,0.0,121.953,1.094,49.812,88.061,0.0,0.0
2026-08-31T14:28:59.6387430+02:00,60.728,25.083,85.867,0.0,0.0,122.034,1.013,49.965,88.214,0.0,0.0
2026-08-31T14:29:02.4328650+02:00,60.728,25.083,85.867,0.0,0.0,121.943,1.042,49.968,88.217,0.0,0.0
2026-08-31T14:29:05.2247786+02:00,60.717,25.084,85.857,0.0,1.2,121.771,1.169,49.816,88.065,0.0,0.0
2026-08-31T14:29:08.0264392+02:00,60.717,25.085,85.858,56.0,24.4,121.834,1.029,49.818,88.068,0.0,0.0
2026-08-31T14:29:10.8318734+02:00,60.749,25.086,85.891,1.2,0.9,122.055,1.013,49.828,88.223,0.0,0.0
2026-08-31T14:29:13.6109102+02:00,60.734,25.087,85.877,30.1,9.2,121.802,1.221,49.677,88.072,0.0,0.0
2026-08-31T14:29:16.3978367+02:00,60.749,25.087,85.892,0.5,0.2,121.656,1.387,49.522,88.074,0.0,0.0
2026-08-31T14:29:19.1931249+02:00,60.746,25.088,85.890,12.5,0.0,121.925,1.215,49.679,88.074,0.0,0.0
2026-08-31T14:29:21.9763628+02:00,60.731,25.089,85.876,10.0,0.2,121.853,1.242,49.681,88.076,0.0,0.0
2026-08-31T14:29:24.7550780+02:00,60.731,25.090,85.877,7.5,1.2,121.954,1.092,49.840,88.236,0.0,0.0
2026-08-31T14:29:27.5076495+02:00,60.731,25.090,85.877,6.5,0.0,121.953,1.095,49.843,88.238,0.0,0.0
2026-08-31T14:29:30.3180315+02:00,60.729,25.091,85.876,0.0,0.2,121.969,1.208,49.685,88.080,0.0,0.0
2026-08-31T14:29:33.0778570+02:00,60.738,25.092,85.886,0.0,0.0,121.806,1.250,49.687,88.082,0.0,0.0
2026-08-31T14:29:35.8390385+02:00,60.738,25.093,85.887,0.1,0.0,121.965,1.098,49.849,88.245,0.0,0.0
2026-08-31T14:29:38.5722220+02:00,60.729,25.093,85.878,0.5,0.0,122.067,1.075,49.767,88.248,0.0,0.0
2026-08-31T14:29:41.3682097+02:00,60.729,25.094,85.879,0.0,0.0,121.890,1.262,49.691,88.086,0.0,0.0
2026-08-31T14:29:44.1241058+02:00,60.729,25.095,85.880,0.0,0.6,121.833,1.236,49.693,88.088,0.0,0.0
2026-08-31T14:29:46.8848106+02:00,60.731,25.096,85.883,0.0,0.9,121.807,1.287,49.695,88.090,0.0,0.0
2026-08-31T14:29:49.6359159+02:00,60.741,25.097,85.894,0.0,0.0,122.081,1.095,49.861,88.257,0.0,0.0
2026-08-31T14:29:52.4347400+02:00,60.731,25.097,85.884,0.0,0.1,121.794,1.321,49.697,88.092,0.0,0.0
2026-08-31T14:29:55.2455041+02:00,60.731,25.098,85.885,0.0,0.0,121.771,1.336,49.699,88.094,0.0,0.0
2026-08-31T14:29:58.0194256+02:00,60.734,25.099,85.888,0.0,0.0,121.773,1.335,49.701,88.096,0.0,0.0
2026-08-31T14:30:00.8314881+02:00,60.731,25.099,85.887,0.0,1.0,122.121,1.186,49.870,88.266,0.0,0.0
2026-08-31T14:30:03.5516032+02:00,60.731,25.099,85.887,0.0,0.0,121.942,1.241,47.108,88.269,0.0,0.0
2026-08-31T14:30:06.3373625+02:00,60.743,25.100,85.900,0.1,0.0,121.802,1.382,47.895,88.100,0.0,0.0
2026-08-31T14:30:09.0883001+02:00,60.741,25.101,85.899,0.1,0.0,121.925,1.350,47.954,88.103,0.0,0.0
2026-08-31T14:30:11.8721393+02:00,60.744,25.102,85.903,0.0,0.0,122.058,1.167,48.655,88.275,0.0,0.0
2026-08-31T14:30:14.6074731+02:00,60.741,25.102,85.900,0.7,87.9,121.916,1.232,49.198,88.278,0.0,0.0
2026-08-31T14:30:17.4041413+02:00,60.754,25.103,85.913,0.0,2.5,121.960,1.186,49.091,88.107,0.0,0.0
2026-08-31T14:30:20.2054888+02:00,60.753,25.104,85.914,0.0,0.0,122.135,1.168,49.065,88.109,0.0,0.0
2026-08-31T14:30:23.0319102+02:00,60.750,25.068,85.912,0.0,0.0,121.939,1.188,49.067,88.111,0.0,0.0
2026-08-31T14:30:25.7818994+02:00,60.753,25.087,85.915,0.1,0.0,122.070,1.067,49.243,88.287,0.0,0.0
2026-08-31T14:30:28.6047517+02:00,60.746,25.088,85.908,0.1,0.0,122.041,1.194,49.070,88.113,0.0,0.0
2026-08-31T14:30:31.4247822+02:00,60.743,25.089,85.907,2.4,7.1,122.075,1.139,49.030,88.115,0.0,0.0
2026-08-31T14:30:34.2024458+02:00,60.734,25.090,85.898,0.1,14.4,122.065,1.062,49.010,88.117,0.0,0.0
2026-08-31T14:30:36.9828696+02:00,60.734,25.090,85.898,1.1,2.5,122.234,0.887,49.189,88.296,0.0,0.0
2026-08-31T14:30:39.7433790+02:00,60.730,25.091,85.895,1.7,0.9,122.152,1.157,48.886,88.119,0.0,0.0
2026-08-31T14:30:42.4934450+02:00,60.730,25.092,85.896,0.5,0.0,122.221,0.997,49.066,88.299,0.0,0.0
2026-08-31T14:30:45.2679431+02:00,60.730,25.093,85.897,0.0,0.0,122.030,1.189,48.890,88.123,0.0,0.0
2026-08-31T14:30:48.0004819+02:00,60.730,25.093,85.897,0.0,0.0,122.023,1.329,48.892,88.125,0.0,0.0
2026-08-31T14:30:50.8206283+02:00,60.730,25.094,85.898,0.0,0.0,122.198,1.182,48.892,88.125,0.0,0.0
2026-08-31T14:30:53.5916795+02:00,60.730,25.095,85.899,0.4,0.0,122.035,1.199,48.894,88.127,0.0,0.0
2026-08-31T14:30:56.3508035+02:00,60.730,25.096,85.900,0.0,0.0,122.218,1.024,49.078,88.311,0.0,0.0
2026-08-31T14:30:59.1314747+02:00,60.730,25.096,85.900,0.0,0.2,122.137,1.182,48.896,88.129,0.0,0.0
2026-08-31T14:31:01.9301135+02:00,60.730,25.097,85.901,0.0,0.0,122.079,1.192,48.898,88.132,0.0,0.0
2026-08-31T14:31:04.7138013+02:00,60.730,25.098,85.902,0.0,0.0,122.010,1.234,48.900,88.134,0.0,0.0
2026-08-31T14:31:07.5144424+02:00,60.730,25.098,85.902,0.0,0.7,122.235,1.036,49.087,88.321,0.0,0.0
2026-08-31T14:31:10.2924529+02:00,60.730,25.099,85.903,0.6,0.7,122.188,1.180,48.902,88.136,0.0,0.0
2026-08-31T14:31:13.0700424+02:00,60.730,25.100,85.904,0.0,0.0,122.012,1.228,48.904,88.138,0.0,0.0
2026-08-31T14:31:15.8249438+02:00,60.730,25.100,85.905,0.0,0.0,122.006,1.241,48.906,88.140,0.0,0.0
2026-08-31T14:31:18.5963720+02:00,60.730,25.100,85.905,0.3,0.0,122.111,1.217,48.909,88.142,0.0,0.0
2026-08-31T14:31:21.3853360+02:00,60.730,25.101,85.906,0.0,0.0,122.060,1.219,48.909,88.142,0.0,0.0
2026-08-31T14:31:24.1702361+02:00,60.730,25.102,85.907,0.0,0.0,122.011,1.227,48.911,88.144,0.0,0.0
2026-08-31T14:31:26.9349563+02:00,60.730,25.103,85.908,0.0,0.7,122.238,1.044,49.102,88.336,0.0,0.0
2026-08-31T14:31:29.7382633+02:00,60.730,25.103,85.908,0.0,0.7,122.123,1.192,48.913,88.146,0.0,0.0
2026-08-31T14:31:32.5357366+02:00,60.730,25.104,85.909,0.0,0.0,122.011,1.202,48.915,88.148,0.0,0.0
2026-08-31T14:31:35.2807651+02:00,60.730,25.105,85.910,0.0,0.0,122.009,1.232,48.917,88.150,0.0,0.0
2026-08-31T14:31:38.0777220+02:00,60.730,25.105,85.910,0.0,0.0,122.212,1.026,49.146,88.345,0.0,0.0
2026-08-31T14:31:40.8191400+02:00,60.730,25.106,85.911,2.9,0.5,122.177,1.194,49.540,88.152,0.0,0.0
2026-08-31T14:31:43.6114754+02:00,60.730,25.107,85.912,0.0,1.3,122.013,1.209,49.542,88.154,0.0,0.0
2026-08-31T14:31:46.3774402+02:00,60.730,25.108,85.913,0.5,0.1,122.011,1.228,49.544,88.156,0.0,0.0
2026-08-31T14:31:49.1246655+02:00,60.730,25.108,85.913,0.1,0.0,122.122,1.203,49.546,88.158,0.0,0.0
2026-08-31T14:31:51.8820705+02:00,60.730,25.109,85.914,0.4,0.1,122.062,1.206,49.546,88.158,0.0,0.0
2026-08-31T14:31:54.6297710+02:00,60.730,25.110,85.915,0.1,0.0,121.999,1.236,49.548,88.160,0.0,0.0
2026-08-31T14:31:57.3780511+02:00,60.729,24.912,85.915,0.0,0.0,122.201,1.031,49.747,88.360,0.0,0.0
2026-08-31T14:32:00.1902663+02:00,60.730,25.111,85.916,0.4,0.1,122.166,1.197,49.550,88.162,0.0,0.0
2026-08-31T14:32:02.9426367+02:00,60.730,25.112,85.917,0.4,0.0,122.003,1.230,49.552,88.164,0.0,0.0
2026-08-31T14:32:05.7101115+02:00,60.730,25.113,85.918,0.0,0.2,122.009,1.224,49.554,88.166,0.0,0.0
2026-08-31T14:32:08.5059990+02:00,60.730,25.113,85.918,0.0,0.0,122.280,1.023,49.756,88.369,0.0,0.0
2026-08-31T14:32:11.2887563+02:00,60.730,25.114,85.919,0.0,0.0,122.066,1.202,49.556,88.169,0.0,0.0
2026-08-31T14:32:14.1024034+02:00,60.730,25.115,85.920,0.0,0.0,122.015,1.211,49.558,88.171,0.0,0.0
2026-08-31T14:32:16.8721510+02:00,60.730,25.116,85.921,0.0,0.0,122.113,1.119,49.762,88.375,0.0,0.0
2026-08-31T14:32:19.6832119+02:00,60.730,25.116,85.921,0.1,1.4,122.019,1.292,49.560,88.173,0.0,0.0
2026-08-31T14:32:22.4453336+02:00,60.730,25.117,85.922,0.2,0.0,121.914,1.316,49.562,88.175,0.0,0.0
2026-08-31T14:32:25.2487654+02:00,60.734,25.118,85.927,0.0,0.0,121.914,1.316,49.564,88.177,0.0,0.0
2026-08-31T14:32:28.0153220+02:00,60.746,25.118,85.939,0.1,0.0,122.161,1.088,49.771,88.384,0.0,0.0
2026-08-31T14:32:30.8421410+02:00,60.743,25.119,85.937,0.0,0.0,122.116,1.268,49.566,88.179,0.0,0.0
2026-08-31T14:32:33.6263257+02:00,60.734,25.120,85.929,0.0,0.1,122.156,1.141,49.568,88.181,0.0,0.0
2026-08-31T14:32:36.3827976+02:00,60.734,25.121,85.930,0.0,0.0,121.944,1.288,49.570,88.183,0.0,0.0
2026-08-31T14:32:39.1322368+02:00,60.730,25.121,85.926,0.0,0.1,122.054,1.261,49.497,88.185,0.0,0.0
2026-08-31T14:32:41.8765899+02:00,60.730,25.122,85.927,0.0,0.0,121.997,1.267,49.572,88.185,0.0,0.0
2026-08-31T14:32:44.6473838+02:00,60.730,25.123,85.928,0.0,0.7,121.949,1.282,49.574,88.187,0.0,0.0
2026-08-31T14:32:47.3984582+02:00,60.730,25.123,85.928,0.0,0.0,122.131,1.108,49.786,88.400,0.0,0.0
2026-08-31T14:32:50.1854816+02:00,60.730,25.124,85.929,0.0,0.0,122.083,1.284,49.576,88.189,0.0,0.0
2026-08-31T14:32:52.9812532+02:00,60.730,25.125,85.930,0.0,0.0,121.913,1.324,49.578,88.191,0.0,0.0
2026-08-31T14:32:55.7624042+02:00,60.730,25.126,85.931,0.0,0.3,121.910,1.339,49.581,88.193,0.0,0.0
2026-08-31T14:32:58.5401015+02:00,60.730,25.126,85.931,0.3,0.0,121.976,1.326,49.581,88.193,0.0,0.0
2026-08-31T14:33:01.3237450+02:00,60.730,25.127,85.932,0.6,0.0,121.974,1.297,49.583,88.195,0.0,0.0
2026-08-31T14:33:04.1063673+02:00,60.730,25.128,85.932,0.3,0.1,122.136,1.097,49.798,88.412,0.0,0.0
2026-08-31T14:33:06.8841500+02:00,60.730,25.128,85.932,0.1,0.1,122.136,1.098,49.801,88.415,0.0,0.0
2026-08-31T14:33:09.6514429+02:00,60.742,25.147,85.946,0.1,0.0,121.834,1.491,49.371,87.983,0.0,0.0
2026-08-31T14:33:12.4189890+02:00,60.742,25.148,85.947,0.4,0.0,121.942,1.303,49.589,88.201,0.0,0.0
2026-08-31T14:33:15.1884213+02:00,60.734,25.149,85.939,0.4,0.1,121.985,1.249,49.591,88.203,0.0,0.0
2026-08-31T14:33:17.9484231+02:00,60.734,25.149,85.939,0.0,0.0,121.971,1.255,49.591,88.203,0.0,0.0
2026-08-31T14:33:20.7380047+02:00,60.730,25.150,85.936,0.0,0.1,122.140,1.217,49.593,88.206,0.0,0.0
2026-08-31T14:33:23.5206241+02:00,60.730,25.151,85.937,1.8,3.3,122.201,1.011,49.814,88.427,0.0,0.0
2026-08-31T14:33:26.2943510+02:00,60.730,25.151,85.937,0.0,0.0,122.191,1.036,49.817,88.430,0.0,0.0
2026-08-31T14:33:29.0726823+02:00,60.730,25.152,85.938,0.0,0.0,122.089,1.216,49.597,88.210,0.0,0.0
2026-08-31T14:33:31.8153615+02:00,60.730,25.153,85.939,0.0,0.0,122.073,1.216,49.599,88.212,0.0,0.0
2026-08-31T14:33:34.5881503+02:00,60.730,25.153,85.939,0.1,0.0,122.204,1.018,49.823,88.436,0.0,0.0
2026-08-31T14:33:37.3353098+02:00,60.730,25.154,85.940,0.0,0.0,121.986,1.234,49.601,88.214,0.0,0.0
2026-08-31T14:33:40.1287934+02:00,60.730,25.155,85.941,0.0,1.3,122.135,1.199,49.603,88.216,0.0,0.0
2026-08-31T14:33:42.8930406+02:00,60.730,25.156,85.942,0.0,0.0,121.992,1.228,49.605,88.218,0.0,0.0
2026-08-31T14:33:45.6723350+02:00,60.730,25.156,85.942,0.0,0.0,121.767,1.451,49.380,87.993,0.0,0.0
2026-08-31T14:33:48.4594286+02:00,60.730,25.157,85.943,0.0,0.0,121.996,1.229,49.607,88.220,0.0,0.0
2026-08-31T14:33:51.2348327+02:00,60.730,25.158,85.944,0.0,0.0,122.093,1.194,49.609,88.222,0.0,0.0
2026-08-31T14:33:54.0423545+02:00,60.771,25.161,85.989,52.7,14.3,122.452,0.900,49.838,88.451,0.0,0.0
2026-08-31T14:33:56.8788651+02:00,60.770,25.162,85.989,0.0,0.0,122.248,1.169,49.561,88.224,0.0,0.0
2026-08-31T14:33:59.6656114+02:00,60.742,25.160,85.959,0.0,0.0,122.351,1.044,49.790,88.454,0.0,0.0
2026-08-31T14:34:02.4620523+02:00,60.742,25.161,85.959,0.0,3.0,122.013,1.311,49.565,88.228,0.0,0.0
2026-08-31T14:34:05.2330022+02:00,60.734,25.161,85.951,0.0,0.0,122.013,1.439,49.335,87.998,0.0,0.0
2026-08-31T14:34:08.0126956+02:00,60.730,25.162,85.948,0.0,0.0,121.999,1.308,49.567,88.230,0.0,0.0
2026-08-31T14:34:10.8079260+02:00,60.730,25.163,85.949,0.0,0.0,122.216,1.251,49.569,88.232,0.0,0.0
2026-08-31T14:34:13.5761608+02:00,60.730,25.163,85.949,0.1,0.0,122.004,1.278,49.569,88.232,0.0,0.0
2026-08-31T14:34:16.3338906+02:00,60.730,25.164,85.950,0.0,0.0,122.007,1.287,49.571,88.234,0.0,0.0
2026-08-31T14:34:19.0925340+02:00,60.730,25.165,85.951,0.1,0.0,122.361,1.016,49.806,88.469,0.0,0.0
2026-08-31T14:34:21.8758226+02:00,60.730,25.165,85.951,0.2,0.2,122.306,1.021,49.809,88.472,0.0,0.0
2026-08-31T14:34:24.6554968+02:00,60.746,25.166,85.968,0.2,0.0,122.024,1.276,49.575,88.238,0.0,0.0
2026-08-31T14:34:27.4036091+02:00,60.743,25.167,85.967,0.0,0.0,122.026,1.279,49.577,88.240,0.0,0.0
2026-08-31T14:34:30.2290996+02:00,60.743,25.167,85.967,0.3,0.2,122.495,0.979,49.815,88.478,0.0,0.0
2026-08-31T14:34:32.9851783+02:00,60.734,25.168,85.958,0.1,3.1,122.049,1.308,49.515,88.243,0.0,0.0
2026-08-31T14:34:35.7416105+02:00,60.738,25.169,85.964,0.0,0.0,122.048,1.311,49.517,88.245,0.0,0.0
2026-08-31T14:34:38.5347838+02:00,60.739,25.170,85.965,0.0,0.2,122.281,1.074,49.757,88.485,0.0,0.0
2026-08-31T14:34:41.3050679+02:00,60.763,25.170,85.989,0.0,0.0,122.157,1.253,49.519,88.247,0.0,0.0
2026-08-31T14:34:44.0639174+02:00,60.761,25.171,85.988,0.0,0.0,122.105,1.270,49.522,88.249,0.0,0.0
2026-08-31T14:34:46.8450077+02:00,60.741,25.172,85.969,0.1,0.1,122.086,1.285,49.524,88.251,0.0,0.0
2026-08-31T14:34:49.5829579+02:00,60.741,25.172,85.969,0.0,0.0,122.227,1.249,49.680,88.494,0.0,0.0
2026-08-31T14:34:52.3548813+02:00,60.737,25.173,85.966,0.0,0.0,122.081,1.324,49.471,88.253,0.0,0.0
2026-08-31T14:34:55.1041033+02:00,60.737,25.174,85.967,0.0,0.0,122.318,1.080,49.714,88.497,0.0,0.0
2026-08-31T14:34:57.8167000+02:00,60.737,25.174,85.967,0.0,0.0,122.321,1.086,49.594,88.500,0.0,0.0
2026-08-31T14:35:00.5834571+02:00,60.737,25.175,85.968,0.2,0.0,122.236,1.292,49.475,88.257,0.0,0.0
2026-08-31T14:35:03.3913752+02:00,60.737,25.176,85.969,0.0,0.0,122.071,1.394,49.477,88.259,0.0,0.0
2026-08-31T14:35:06.1584311+02:00,60.737,25.176,85.969,0.0,0.2,122.068,1.398,49.369,88.261,0.0,0.0
2026-08-31T14:35:08.9328068+02:00,60.737,25.177,85.970,0.0,0.2,122.177,1.367,49.369,88.261,0.0,0.0
2026-08-31T14:35:11.7199636+02:00,60.737,25.178,85.971,0.0,0.0,122.122,1.366,49.371,88.263,0.0,0.0
2026-08-31T14:35:14.4699007+02:00,60.737,24.931,85.972,0.0,0.0,122.320,1.144,49.619,88.512,0.0,0.0
2026-08-31T14:35:17.2347165+02:00,60.737,25.179,85.972,0.0,0.0,122.072,1.386,49.373,88.265,0.0,0.0
2026-08-31T14:35:19.9876853+02:00,60.737,25.179,85.972,0.0,0.0,122.049,1.490,49.346,88.128,0.0,0.0
2026-08-31T14:35:22.6511605+02:00,60.737,25.179,85.972,0.0,0.0,122.174,1.427,49.650,88.488,0.0,0.0
2026-08-31T14:35:25.4231486+02:00,60.737,25.181,85.974,0.0,0.0,122.283,1.179,49.706,88.488,0.0,0.0
2026-08-31T14:35:28.1015092+02:00,60.737,25.181,85.974,0.7,0.2,122.037,1.420,49.461,88.243,0.0,0.0
2026-08-31T14:35:30.7982562+02:00,60.737,25.181,85.974,0.2,0.0,122.099,1.391,49.461,88.243,0.0,0.0
2026-08-31T14:35:33.4594922+02:00,60.737,25.181,85.974,0.7,0.0,122.048,1.408,49.461,88.243,0.0,0.0
2026-08-31T14:35:36.1254346+02:00,60.737,25.181,85.974,0.0,0.0,122.044,1.412,49.461,88.243,0.0,0.0
2026-08-31T14:35:38.7939944+02:00,60.737,25.181,85.974,0.0,0.2,122.213,1.367,49.461,88.243,0.0,0.0
2026-08-31T14:35:41.4660805+02:00,60.737,25.181,85.974,0.0,0.0,122.097,1.392,49.461,88.243,0.0,0.0
2026-08-31T14:35:44.1678254+02:00,60.737,25.181,85.974,0.0,0.5,122.066,1.181,49.461,88.243,0.0,0.0
2026-08-31T14:35:46.8552772+02:00,60.737,25.181,85.974,0.1,1.2,122.051,0.977,49.461,88.243,0.0,0.0
2026-08-31T14:35:49.5670803+02:00,60.737,25.181,85.974,1024.6,158.5,122.188,1.002,49.146,88.243,0.0,0.0
2026-08-31T14:35:52.2654763+02:00,60.737,25.181,85.974,0.1,0.0,122.048,1.058,49.146,88.243,0.0,0.0
2026-08-31T14:35:54.9418018+02:00,60.737,25.181,85.974,0.0,0.0,122.068,1.049,49.146,88.243,0.0,0.0
2026-08-31T14:35:57.6902496+02:00,60.737,25.181,85.974,0.0,0.0,121.808,1.311,48.900,87.996,0.0,0.3
2026-08-31T14:36:00.4733596+02:00,60.737,25.181,85.974,37.3,5.7,121.986,1.242,48.900,87.996,0.0,0.0
2026-08-31T14:36:03.2496139+02:00,60.742,25.181,85.979,0.0,0.0,121.786,1.312,48.901,87.996,0.0,0.0
2026-08-31T14:36:06.0545957+02:00,60.741,25.181,85.978,1.2,0.5,121.776,1.319,48.901,87.996,0.0,0.0
2026-08-31T14:36:08.8201236+02:00,60.737,25.181,85.974,0.0,0.0,121.882,1.286,48.901,87.996,0.0,0.0
2026-08-31T14:36:11.5913780+02:00,60.737,25.181,85.974,0.0,0.0,121.828,1.290,48.901,87.996,0.0,0.0
2026-08-31T14:36:14.3541022+02:00,60.737,25.181,85.974,0.0,0.0,121.765,1.322,48.901,87.997,0.0,0.0
2026-08-31T14:36:23.1202272+02:00,60.737,25.181,85.974,0.3,0.0,121.825,1.248,48.902,87.997,0.0,0.0
2026-08-31T14:36:25.8861884+02:00,60.737,25.181,85.974,0.5,0.0,121.823,1.248,48.902,87.997,0.0,0.0
2026-08-31T14:36:28.7062592+02:00,60.737,25.181,85.974,0.4,0.0,121.892,1.250,48.902,87.997,0.0,0.0
2026-08-31T14:36:31.4924158+02:00,60.737,25.181,85.974,2.3,1.2,121.882,1.225,48.902,87.998,0.0,0.0
2026-08-31T14:36:34.2606180+02:00,60.737,25.181,85.974,0.4,10.6,121.823,1.240,48.903,87.998,0.0,0.0
2026-08-31T14:36:37.0186266+02:00,60.746,25.181,85.983,0.0,0.0,121.843,1.231,48.903,87.998,0.0,0.0
2026-08-31T14:36:39.8115684+02:00,60.743,25.181,85.980,0.0,0.3,121.966,1.195,48.903,87.998,0.0,0.0
2026-08-31T14:36:42.5608578+02:00,60.754,25.181,85.991,0.0,0.0,121.853,1.228,48.903,87.998,0.0,0.0
2026-08-31T14:36:45.3340974+02:00,60.746,25.181,85.983,0.0,0.0,121.855,1.222,48.903,87.998,0.0,0.0
2026-08-31T14:36:48.0990583+02:00,60.743,25.181,85.980,0.0,0.0,121.850,1.225,48.903,87.999,0.0,0.0
2026-08-31T14:36:50.9008057+02:00,60.737,25.181,85.974,0.0,0.1,122.021,1.183,48.903,87.999,0.0,0.0
2026-08-31T14:36:53.7030387+02:00,60.739,25.181,85.976,0.1,0.0,121.853,1.205,48.904,87.999,0.0,0.0
2026-08-31T14:36:56.4776908+02:00,60.739,25.181,85.975,0.0,0.0,121.848,1.224,48.904,87.999,0.0,0.0
2026-08-31T14:36:59.2581934+02:00,60.735,25.181,85.972,0.0,0.0,121.950,1.202,48.904,87.999,0.0,0.0
2026-08-31T14:37:02.0564610+02:00,60.735,25.181,85.972,0.0,0.0,121.891,1.207,48.904,87.999,0.0,0.0
2026-08-31T14:37:04.8186983+02:00,60.734,25.181,85.971,0.0,0.0,121.841,1.226,48.904,87.999,0.0,0.0
2026-08-31T14:37:07.6069031+02:00,60.735,25.181,85.972,0.0,0.0,121.847,1.219,48.904,88.000,0.0,0.0
2026-08-31T14:37:10.4257729+02:00,60.735,25.181,85.972,0.3,0.1,122.009,1.186,48.904,88.000,0.0,0.0
2026-08-31T14:37:13.2052195+02:00,60.735,25.181,85.972,0.0,0.0,121.847,1.220,48.905,88.000,0.0,0.0
2026-08-31T14:37:15.9917043+02:00,60.735,25.181,85.972,0.6,0.2,121.845,1.216,48.905,88.000,0.0,0.0
2026-08-31T14:37:18.7852339+02:00,60.735,25.181,85.972,0.1,0.2,121.956,1.194,48.905,88.001,0.0,0.0
2026-08-31T14:37:21.5886569+02:00,60.735,25.181,85.972,0.0,0.0,121.901,1.199,48.905,88.001,0.0,0.0
2026-08-31T14:37:24.3486396+02:00,60.735,25.162,85.972,0.0,0.0,121.854,1.210,48.905,88.001,0.0,0.0
2026-08-31T14:37:27.1147824+02:00,60.735,25.181,85.972,0.0,0.0,121.845,1.224,48.905,88.001,0.0,0.0
2026-08-31T14:37:29.8682511+02:00,60.735,25.181,85.972,0.2,0.0,121.953,1.196,48.905,88.001,0.0,0.0
2026-08-31T14:37:32.6966219+02:00,60.735,25.181,85.972,0.3,0.0,121.844,1.220,48.905,88.001,0.0,0.0
2026-08-31T14:37:35.4725297+02:00,60.735,25.181,85.972,0.0,0.1,121.842,1.222,48.905,88.001,0.0,0.0
2026-08-31T14:37:38.3151363+02:00,60.859,25.181,86.097,0.3,9.4,122.040,1.164,48.905,88.001,0.0,0.0
2026-08-31T14:37:41.1305632+02:00,60.941,25.181,86.178,0.0,0.0,122.311,1.067,48.906,88.001,0.0,0.0
2026-08-31T14:37:43.8937064+02:00,60.931,25.181,86.168,0.0,7.9,122.155,1.081,48.906,88.001,0.0,0.0
2026-08-31T14:37:46.6682167+02:00,60.816,25.181,86.053,0.0,0.0,121.977,1.168,48.906,88.001,0.0,0.0
2026-08-31T14:37:49.4504827+02:00,60.744,25.181,85.981,0.0,0.0,121.981,1.142,48.906,88.002,0.0,0.0
2026-08-31T14:37:52.2466267+02:00,60.744,25.181,85.981,0.3,0.1,121.910,1.159,48.906,88.002,0.0,0.0
2026-08-31T14:37:55.0217460+02:00,60.744,25.181,85.981,0.0,0.1,121.860,1.198,48.906,88.002,0.0,0.0
2026-08-31T14:37:57.8070685+02:00,60.744,25.181,85.981,0.1,0.0,121.860,1.199,48.906,88.002,0.0,0.0
2026-08-31T14:38:00.5639840+02:00,60.744,25.181,85.981,0.0,0.0,122.027,1.152,48.906,88.002,0.0,0.0
2026-08-31T14:38:03.3522547+02:00,60.744,25.181,85.981,0.0,0.3,121.857,1.200,48.906,88.002,0.0,0.0
2026-08-31T14:38:06.1284628+02:00,60.744,25.181,85.981,0.1,0.1,121.857,1.202,48.907,88.002,0.0,0.0
2026-08-31T14:38:08.9317462+02:00,60.744,25.181,85.981,0.0,0.0,121.965,1.177,48.907,88.002,0.0,0.0
2026-08-31T14:38:11.7549710+02:00,60.744,25.181,85.981,0.0,0.0,121.950,1.177,48.907,88.002,0.0,0.0
2026-08-31T14:38:14.5270292+02:00,60.744,25.181,85.981,0.0,0.0,121.863,1.192,48.907,88.002,0.0,0.0
2026-08-31T14:38:17.3111798+02:00,60.744,25.181,85.981,4.2,2.5,121.859,1.200,48.907,88.002,0.0,0.0
2026-08-31T14:38:20.0366883+02:00,60.744,25.181,85.981,0.0,0.0,121.976,1.166,48.907,88.003,0.0,0.0
2026-08-31T14:38:22.8132605+02:00,60.744,25.181,85.981,0.1,0.0,121.858,1.202,48.907,88.003,0.0,0.0
2026-08-31T14:38:25.6011734+02:00,60.744,25.181,85.981,0.0,0.0,121.863,1.194,48.907,88.003,0.0,0.0
2026-08-31T14:38:28.3987918+02:00,60.744,25.181,85.981,0.0,0.0,121.867,1.192,48.907,88.003,0.0,0.0
2026-08-31T14:38:31.2119221+02:00,60.744,25.181,85.981,0.0,0.0,122.067,1.144,48.907,88.003,0.0,0.0
2026-08-31T14:38:33.9859293+02:00,60.744,25.181,85.981,0.4,0.6,121.860,1.202,48.907,88.003,0.0,0.0
2026-08-31T14:38:36.7772685+02:00,60.744,25.181,85.981,0.0,0.0,121.850,1.204,48.908,88.003,0.0,0.0
2026-08-31T14:38:39.5131269+02:00,60.744,25.181,85.981,0.4,0.0,121.967,1.173,48.908,88.004,0.0,0.0
2026-08-31T14:38:42.2839076+02:00,60.744,25.181,85.981,0.3,0.0,121.856,1.198,48.908,88.004,0.0,0.0
2026-08-31T14:38:45.0548490+02:00,60.744,25.181,85.981,0.2,0.5,121.822,1.240,48.908,88.004,0.0,0.0
2026-08-31T14:38:47.8293586+02:00,60.748,25.181,85.985,0.1,0.0,121.837,1.224,48.908,88.004,0.0,0.0
2026-08-31T14:38:50.6183100+02:00,60.748,25.181,85.985,0.0,0.2,122.060,1.176,48.908,88.004,0.0,0.0
2026-08-31T14:38:53.4280586+02:00,60.785,25.183,86.025,1.5,0.9,122.074,1.102,48.908,88.004,0.0,0.0
2026-08-31T14:38:56.2276026+02:00,60.783,25.183,86.023,0.0,0.1,122.037,1.107,48.908,88.004,0.0,0.0
2026-08-31T14:38:59.0124972+02:00,60.755,25.181,85.992,0.0,0.0,121.933,1.216,48.908,88.004,0.0,0.0
2026-08-31T14:39:01.7947799+02:00,60.755,25.181,85.991,0.0,0.0,121.888,1.213,48.908,88.004,0.0,0.0
2026-08-31T14:39:04.5894056+02:00,60.754,25.181,85.991,0.6,0.1,121.822,1.233,48.908,88.005,0.0,0.0
2026-08-31T14:39:07.3723761+02:00,60.754,25.181,85.991,0.0,0.0,121.825,1.246,48.908,88.005,0.0,0.0
2026-08-31T14:39:10.1533583+02:00,60.746,25.181,85.983,0.0,0.0,121.938,1.210,48.909,88.005,0.0,0.0
2026-08-31T14:39:12.9432353+02:00,60.746,25.181,85.983,0.1,0.0,121.816,1.245,48.909,88.005,0.0,0.0
2026-08-31T14:39:15.7197295+02:00,60.742,25.181,85.979,0.0,0.0,121.838,1.206,48.909,88.005,0.0,0.0
2026-08-31T14:39:18.4917265+02:00,60.742,25.181,85.979,0.0,0.0,121.839,1.203,48.909,88.005,0.0,0.0
2026-08-31T14:39:21.2690327+02:00,60.740,25.181,85.977,0.0,0.0,122.014,1.155,48.909,88.005,0.0,0.0
2026-08-31T14:39:24.0643701+02:00,60.742,25.162,85.979,0.0,19.7,121.903,1.163,48.909,88.005,0.0,0.0
2026-08-31T14:39:26.8402419+02:00,60.742,25.181,85.979,0.0,0.0,121.841,1.198,48.909,88.005,0.0,0.0
2026-08-31T14:39:29.5973257+02:00,60.742,25.181,85.979,0.0,21.5,122.002,1.132,48.909,88.005,0.0,0.0
2026-08-31T14:39:32.3588183+02:00,60.742,25.181,85.979,0.0,0.0,121.882,1.166,48.909,88.005,0.0,0.0
2026-08-31T14:39:35.1212428+02:00,60.742,25.181,85.979,0.0,0.0,121.870,1.184,48.909,88.005,0.0,0.0
2026-08-31T14:39:37.8879620+02:00,60.742,25.181,85.979,0.0,0.0,121.870,1.181,48.910,88.005,0.0,0.0
2026-08-31T14:39:40.6817306+02:00,60.742,25.181,85.979,0.0,0.0,122.026,1.151,48.910,88.005,0.0,0.0
2026-08-31T14:39:43.4440282+02:00,60.742,25.181,85.979,0.0,0.0,121.867,1.188,48.910,88.006,0.0,0.0
2026-08-31T14:39:46.2184844+02:00,60.742,25.181,85.979,1.4,0.5,121.854,1.190,48.910,88.006,0.0,0.0
2026-08-31T14:39:49.0191440+02:00,60.742,25.181,85.979,0.0,0.5,121.964,1.161,48.910,88.006,0.0,0.0
2026-08-31T14:39:51.8116558+02:00,60.742,25.181,85.979,0.3,0.1,121.910,1.168,48.910,88.006,0.0,0.0
2026-08-31T14:39:54.5714003+02:00,60.742,25.181,85.979,0.2,0.0,121.849,1.193,48.910,88.006,0.0,0.0
2026-08-31T14:39:57.3442527+02:00,60.742,25.181,85.979,0.0,0.0,121.900,1.189,48.910,88.006,0.0,0.0
2026-08-31T14:40:00.1343304+02:00,60.742,25.181,85.979,0.0,0.0,121.971,1.153,48.910,88.006,0.0,0.0
2026-08-31T14:40:02.9145905+02:00,60.742,25.181,85.979,0.0,0.0,121.853,1.189,48.910,88.006,0.0,0.0
2026-08-31T14:40:05.7171052+02:00,60.742,25.181,85.979,0.0,0.0,121.854,1.192,48.910,88.006,0.0,0.0
2026-08-31T14:40:08.5105630+02:00,60.742,25.181,85.979,0.1,0.0,121.857,1.220,43.625,88.006,0.0,0.0
2026-08-31T14:40:11.2812505+02:00,60.742,25.181,85.979,0.0,0.2,121.919,1.193,43.625,88.006,0.0,0.0
2026-08-31T14:40:14.0521796+02:00,60.742,25.181,85.979,0.0,0.0,121.859,1.220,43.625,88.006,0.0,0.0
2026-08-31T14:40:16.8305973+02:00,60.742,25.181,85.979,0.0,0.5,121.862,1.213,43.625,88.007,0.0,0.0
2026-08-31T14:40:19.6125909+02:00,60.742,25.181,85.979,0.1,0.0,121.974,1.186,43.625,88.007,0.0,0.0
2026-08-31T14:40:22.3916522+02:00,60.742,25.181,85.979,0.0,0.0,121.864,1.210,43.872,88.007,0.0,0.0
2026-08-31T14:40:25.1629237+02:00,60.742,25.181,85.979,0.1,0.0,121.871,1.210,43.872,88.007,0.0,0.0
2026-08-31T14:40:27.9124754+02:00,60.742,25.181,85.979,0.0,0.0,121.867,1.208,44.105,88.007,0.0,0.0
2026-08-31T14:40:30.7148766+02:00,60.742,25.181,85.979,0.0,0.0,122.025,1.161,44.105,88.007,0.0,0.0
2026-08-31T14:40:33.4874499+02:00,60.742,25.181,85.979,0.1,0.0,121.847,1.208,44.146,88.007,0.0,0.0
2026-08-31T14:40:36.2623861+02:00,60.742,25.181,85.979,0.3,0.0,121.849,1.206,44.146,88.007,0.0,0.0
2026-08-31T14:40:39.0663780+02:00,60.742,25.181,85.979,0.0,0.0,121.950,1.189,44.239,88.007,0.0,0.0
2026-08-31T14:40:41.8683491+02:00,60.742,25.181,85.979,4.2,2.2,121.898,1.191,44.370,88.007,0.0,0.0
2026-08-31T14:40:44.6499310+02:00,60.742,25.181,85.979,0.3,0.2,121.874,1.215,44.370,88.007,0.0,0.0
2026-08-31T14:40:47.4223507+02:00,60.742,25.181,85.979,0.0,0.3,121.801,1.265,44.771,88.007,0.0,0.0
2026-08-31T14:40:50.2032675+02:00,60.742,25.181,85.979,0.1,0.0,121.915,1.232,44.771,88.007,0.0,0.0
2026-08-31T14:40:52.9901192+02:00,60.742,25.181,85.979,0.3,0.1,121.789,1.273,45.407,88.008,0.0,0.0
2026-08-31T14:40:55.7683842+02:00,60.742,25.181,85.979,0.0,0.0,121.796,1.269,45.407,88.008,0.0,0.0
2026-08-31T14:40:58.5375256+02:00,60.742,25.181,85.979,0.0,0.1,121.799,1.269,45.742,88.008,0.0,0.0
2026-08-31T14:41:01.3274022+02:00,60.742,25.181,85.979,0.6,0.1,121.985,1.209,45.742,88.008,0.0,0.0
2026-08-31T14:41:04.0987988+02:00,60.746,25.181,85.983,0.4,0.1,121.856,1.239,46.303,88.008,0.0,0.0
2026-08-31T14:41:06.8638928+02:00,60.748,25.181,85.985,0.0,0.0,121.818,1.237,46.303,88.008,0.0,0.0
2026-08-31T14:41:09.6380775+02:00,60.748,25.181,85.985,0.0,0.0,121.942,1.212,46.534,88.008,0.0,0.0
2026-08-31T14:41:12.3961504+02:00,60.748,25.181,85.985,0.0,0.0,121.866,1.223,47.494,88.008,0.0,0.0
2026-08-31T14:41:15.1786928+02:00,60.748,25.181,85.985,0.3,0.5,121.878,1.186,47.494,88.008,0.0,0.0
2026-08-31T14:41:17.9577257+02:00,60.746,25.181,85.983,0.0,0.0,121.870,1.189,47.571,88.009,0.0,0.0
2026-08-31T14:41:20.7517225+02:00,60.751,25.181,85.988,0.0,0.0,122.037,1.157,47.571,88.009,0.0,0.0
2026-08-31T14:41:23.5519459+02:00,60.750,25.181,85.987,0.0,0.0,121.898,1.197,47.982,88.009,0.0,0.0
2026-08-31T14:41:26.3279862+02:00,60.750,25.181,85.987,0.0,0.0,121.865,1.192,47.982,88.009,0.0,0.0
2026-08-31T14:41:29.1343480+02:00,60.750,25.181,85.987,0.1,0.0,121.971,1.168,48.338,88.009,0.0,0.0
2026-08-31T14:41:31.9346033+02:00,60.750,25.181,85.987,0.0,0.0,121.926,1.166,48.338,88.009,0.0,0.0
2026-08-31T14:41:34.6961349+02:00,60.750,25.181,85.987,0.0,0.0,121.871,1.186,48.452,88.009,0.0,0.0
2026-08-31T14:41:37.4199999+02:00,60.746,25.181,85.983,0.0,0.0,121.875,1.186,48.452,88.009,0.0,0.0
2026-08-31T14:41:40.1914945+02:00,60.749,25.181,85.986,0.0,0.0,121.977,1.164,48.452,88.009,0.0,0.0
2026-08-31T14:41:42.9752476+02:00,60.753,25.181,85.990,0.0,0.0,121.915,1.186,48.452,88.009,0.0,0.0
2026-08-31T14:41:45.7463081+02:00,60.753,25.181,85.990,0.0,0.0,121.861,1.195,48.453,88.009,0.0,0.0
2026-08-31T14:41:48.5247741+02:00,60.747,25.181,85.984,0.0,1.7,121.855,1.196,48.453,88.009,0.0,0.0
2026-08-31T14:41:51.3392183+02:00,60.747,25.181,85.984,0.0,0.0,122.026,1.155,48.453,88.009,0.0,0.0
2026-08-31T14:41:54.0915765+02:00,60.744,25.181,85.980,0.1,0.0,121.859,1.191,48.453,88.010,0.0,0.0
2026-08-31T14:41:56.8731822+02:00,60.744,25.181,85.980,0.0,0.0,121.857,1.193,48.453,88.010,0.0,0.0
2026-08-31T14:41:59.6534946+02:00,60.744,25.181,85.980,0.0,0.0,121.971,1.163,48.453,88.010,0.0,0.0
2026-08-31T14:42:02.4211581+02:00,60.744,25.181,85.980,0.0,0.0,121.910,1.174,48.453,88.010,0.0,0.0
2026-08-31T14:42:05.1835543+02:00,60.744,25.181,85.980,0.0,0.0,121.853,1.192,48.453,88.010,0.0,0.0
2026-08-31T14:42:07.9732708+02:00,60.744,25.181,85.980,0.0,0.0,121.853,1.194,48.453,88.010,0.0,0.0
2026-08-31T14:42:10.7554600+02:00,60.744,25.181,85.980,0.4,2.3,122.007,1.076,48.453,88.010,0.0,0.0
2026-08-31T14:42:13.4847150+02:00,60.744,25.181,85.980,0.2,0.2,121.843,1.029,48.453,88.010,0.0,0.0
2026-08-31T14:42:16.2758816+02:00,60.744,25.181,85.980,0.6,0.2,121.837,0.977,48.453,88.010,0.0,0.0
2026-08-31T14:42:19.0833706+02:00,60.744,25.181,85.980,0.0,0.0,121.940,0.942,48.454,88.010,0.0,0.0
2026-08-31T14:42:21.8848796+02:00,60.744,25.181,85.980,0.2,0.1,121.891,0.941,48.454,88.010,0.0,0.0
2026-08-31T14:42:24.6990759+02:00,60.744,25.181,85.980,0.0,0.0,121.841,0.961,48.454,88.010,0.0,0.0
2026-08-31T14:42:27.4619832+02:00,60.744,25.181,85.980,0.0,0.0,121.838,0.964,48.454,88.011,0.0,0.0
2026-08-31T14:42:30.2677062+02:00,60.750,25.181,85.987,0.0,0.3,121.959,0.938,48.454,88.011,0.0,0.0
2026-08-31T14:42:32.9768021+02:00,60.750,25.181,85.987,0.2,8.5,121.857,0.958,48.454,88.011,0.0,0.0
2026-08-31T14:42:35.7338373+02:00,60.749,25.181,85.986,0.0,0.0,121.848,0.963,48.454,88.011,0.0,0.0
2026-08-31T14:42:38.4952591+02:00,60.747,25.181,85.984,0.0,0.0,121.847,0.962,48.454,88.011,0.0,0.0
2026-08-31T14:42:41.3126369+02:00,60.747,25.181,85.984,0.0,0.0,122.010,0.909,48.454,88.011,0.0,0.0
2026-08-31T14:42:44.1085328+02:00,60.744,25.181,85.980,0.0,0.4,121.845,0.955,48.454,88.011,0.0,0.0
2026-08-31T14:42:46.8850281+02:00,60.744,25.181,85.980,0.0,0.3,121.846,0.933,48.454,88.011,0.0,0.0
2026-08-31T14:42:49.6759990+02:00,60.744,25.181,85.980,0.1,0.0,121.957,0.903,48.454,88.011,0.0,0.0
2026-08-31T14:42:52.4457408+02:00,60.744,25.181,85.980,0.3,0.3,121.898,0.910,48.454,88.011,0.0,0.0
2026-08-31T14:42:55.2034818+02:00,60.744,25.181,85.980,0.0,0.0,121.844,0.983,48.455,88.011,0.0,0.0
2026-08-31T14:42:57.9687496+02:00,60.744,25.181,85.980,0.0,0.2,121.850,0.968,48.455,88.011,0.0,0.0
2026-08-31T14:43:00.7219283+02:00,60.744,25.181,85.980,0.0,0.3,122.019,0.922,48.455,88.011,0.0,0.0
2026-08-31T14:43:03.5183615+02:00,60.744,25.181,85.980,0.0,0.6,121.864,0.946,48.455,88.012,0.0,0.0
2026-08-31T14:43:06.3342554+02:00,60.749,25.181,85.986,0.1,0.0,121.840,0.964,48.455,88.012,0.0,0.0
2026-08-31T14:43:09.1278259+02:00,60.749,25.181,85.986,0.0,0.0,121.974,0.927,48.455,88.012,0.0,0.0
2026-08-31T14:43:11.9251148+02:00,60.747,25.181,85.984,0.0,1.1,121.932,0.927,48.455,88.012,0.0,0.0
2026-08-31T14:43:14.6850127+02:00,60.747,25.181,85.984,0.0,0.0,121.874,0.950,48.455,88.012,0.0,0.0
2026-08-31T14:43:17.4424746+02:00,60.747,25.181,85.984,0.0,0.0,121.869,0.952,48.455,88.012,0.0,0.0
2026-08-31T14:43:20.2381186+02:00,60.744,25.181,85.980,0.2,0.0,121.966,0.915,48.455,88.012,0.0,0.0
2026-08-31T14:43:23.0055927+02:00,60.744,25.181,85.980,0.3,0.1,121.858,0.936,48.455,88.012,0.0,0.0
2026-08-31T14:43:25.7624173+02:00,60.744,25.181,85.980,0.0,0.0,121.864,0.949,48.455,88.012,0.0,0.0
2026-08-31T14:43:28.5167527+02:00,60.744,25.181,85.980,1.6,0.1,121.868,0.941,48.455,88.012,0.0,0.0
2026-08-31T14:43:31.3462097+02:00,60.744,25.181,85.980,0.7,0.0,122.046,0.894,48.455,88.012,0.0,0.0
2026-08-31T14:43:34.0971938+02:00,60.744,25.181,85.980,0.4,0.1,121.875,0.924,48.456,88.013,0.0,0.0
2026-08-31T14:43:36.8693438+02:00,60.744,25.181,85.980,12.5,0.4,121.854,0.950,48.456,88.013,0.0,0.0
2026-08-31T14:43:39.6589579+02:00,60.744,25.181,85.980,0.0,0.8,121.971,0.912,48.456,88.013,0.0,0.0
2026-08-31T14:43:42.4617040+02:00,60.744,25.181,85.980,0.3,0.1,121.910,0.928,48.456,88.013,0.0,0.0
2026-08-31T14:43:45.2247862+02:00,60.744,25.181,85.980,0.0,0.0,121.855,0.950,48.456,88.013,0.0,0.0
2026-08-31T14:43:47.9917175+02:00,60.744,25.181,85.980,0.3,0.0,121.850,0.997,48.456,88.013,0.0,0.0
2026-08-31T14:43:50.7982974+02:00,60.744,25.181,85.980,0.0,0.0,121.988,0.956,48.456,88.013,0.0,0.0
2026-08-31T14:43:53.6133868+02:00,60.785,25.183,86.025,0.0,5.9,122.086,0.841,48.456,88.013,0.0,0.0
2026-08-31T14:43:56.4129907+02:00,60.783,25.183,86.024,0.1,2.1,122.070,0.858,48.456,88.013,0.0,0.0
2026-08-31T14:43:59.2069674+02:00,60.756,25.181,85.992,0.0,0.1,121.963,0.947,48.456,88.013,0.0,0.0
2026-08-31T14:44:01.9769508+02:00,60.755,25.181,85.992,0.0,0.0,121.902,0.964,48.456,88.014,0.0,0.0
2026-08-31T14:44:04.7488748+02:00,60.747,25.181,85.984,0.0,0.2,121.836,0.989,48.456,88.014,0.0,0.0
2026-08-31T14:44:07.5569704+02:00,60.747,25.181,85.984,0.0,0.0,121.884,0.984,48.456,88.014,0.0,0.0
2026-08-31T14:44:10.3270089+02:00,60.743,25.181,85.980,0.1,0.2,121.945,0.960,48.457,88.014,0.0,0.0
2026-08-31T14:44:13.0837621+02:00,60.743,25.181,85.980,0.0,0.7,121.833,1.002,48.457,88.014,0.0,0.0
2026-08-31T14:44:15.8528685+02:00,60.743,25.181,85.980,0.0,0.0,121.881,0.947,48.457,88.014,0.0,0.0
2026-08-31T14:44:18.6146027+02:00,60.743,25.181,85.980,0.1,0.0,121.876,0.949,48.457,88.014,0.0,0.0
2026-08-31T14:44:21.4322285+02:00,60.743,25.181,85.980,0.0,0.0,121.938,0.923,48.457,88.014,0.0,0.0
2026-08-31T14:44:24.1253246+02:00,60.743,25.162,85.980,0.0,0.0,121.852,0.961,48.457,88.014,0.0,0.0
2026-08-31T14:44:26.9112387+02:00,60.743,25.181,85.980,0.0,0.0,121.885,0.970,48.457,88.014,0.0,0.0
2026-08-31T14:44:29.7034708+02:00,60.743,25.181,85.980,0.0,0.2,121.961,0.935,48.457,88.014,0.0,0.0
2026-08-31T14:44:32.4729559+02:00,60.743,25.181,85.980,0.3,0.1,121.909,0.946,48.457,88.014,0.0,0.0
2026-08-31T14:44:35.2285713+02:00,60.743,25.181,85.980,0.0,0.0,121.854,0.966,48.457,88.014,0.0,0.0
2026-08-31T14:44:37.9809525+02:00,60.743,25.181,85.980,0.0,0.0,121.855,0.963,48.457,88.014,0.0,0.0
2026-08-31T14:44:40.7851080+02:00,60.743,25.181,85.980,0.1,0.0,122.018,0.931,48.457,88.015,0.0,0.0
2026-08-31T14:44:43.5700674+02:00,60.743,25.181,85.980,3.9,1.8,121.856,0.967,48.457,88.015,0.0,0.0
2026-08-31T14:44:46.3538677+02:00,60.743,25.181,85.980,0.0,0.0,121.879,0.971,48.457,88.015,0.0,0.0
2026-08-31T14:44:49.1681674+02:00,60.743,25.181,85.980,0.0,0.0,121.952,0.941,48.458,88.015,0.0,0.0
2026-08-31T14:44:51.9587349+02:00,60.743,25.181,85.980,0.1,0.0,121.909,0.942,48.458,88.015,0.0,0.0
2026-08-31T14:44:54.7083761+02:00,60.743,25.181,85.980,0.0,0.0,121.851,0.968,48.458,88.015,0.0,0.0
2026-08-31T14:44:57.4779318+02:00,60.743,25.181,85.980,0.0,0.0,121.850,0.966,48.458,88.015,0.0,0.0
2026-08-31T14:45:00.2332694+02:00,60.743,25.181,85.980,0.0,0.0,121.966,0.933,48.458,88.015,0.0,0.0
2026-08-31T14:45:03.0098452+02:00,60.743,25.181,85.980,0.0,0.0,121.854,0.953,48.458,88.015,0.0,0.0
2026-08-31T14:45:05.7789542+02:00,60.747,25.181,85.984,0.1,0.1,121.850,0.962,48.458,88.015,0.0,0.0
2026-08-31T14:45:08.5425754+02:00,60.748,25.181,85.985,0.4,0.0,121.854,0.967,48.458,88.015,0.0,0.0
2026-08-31T14:45:11.3737651+02:00,60.757,25.181,85.994,0.0,0.0,122.053,1.049,48.435,88.016,0.0,0.0
2026-08-31T14:45:14.1693384+02:00,60.854,25.181,86.091,0.0,0.0,121.995,1.162,34.276,88.016,0.0,0.0
2026-08-31T14:45:16.9774801+02:00,60.852,25.181,86.089,0.0,0.2,121.990,1.342,34.276,88.016,0.0,0.0
2026-08-31T14:45:19.7118269+02:00,60.762,25.181,85.999,0.0,0.7,122.076,1.315,34.276,88.016,0.0,0.0
2026-08-31T14:45:22.5194809+02:00,60.750,25.181,85.987,0.0,0.0,121.928,1.318,34.276,88.016,0.0,0.0
2026-08-31T14:45:25.3008596+02:00,60.750,25.162,85.987,0.2,0.1,121.923,1.330,34.276,88.016,0.0,0.0
2026-08-31T14:45:28.0654695+02:00,60.750,25.181,85.987,0.0,0.0,121.876,1.335,34.276,88.016,0.0,0.0
2026-08-31T14:45:30.8533078+02:00,60.750,25.181,85.987,0.0,0.0,122.044,1.297,34.392,88.016,0.0,0.0
2026-08-31T14:45:33.6241112+02:00,60.746,25.181,85.983,0.2,1.0,121.882,1.328,34.392,88.016,0.0,0.0
2026-08-31T14:45:36.3880876+02:00,60.746,25.181,85.983,0.3,0.0,121.876,1.331,34.731,88.016,0.0,0.0
2026-08-31T14:45:39.1920516+02:00,60.741,25.181,85.978,0.0,0.0,121.972,1.316,34.731,88.016,0.0,0.0
2026-08-31T14:45:41.9529013+02:00,60.741,25.181,85.978,0.0,0.1,121.920,1.311,35.224,88.016,0.0,0.0
2026-08-31T14:45:44.7240366+02:00,60.741,25.181,85.978,0.1,0.2,121.866,1.333,35.224,88.016,0.0,0.0
2026-08-31T14:45:47.5179232+02:00,60.741,25.181,85.978,3.1,0.1,121.864,1.337,36.053,88.017,0.0,0.0
2026-08-31T14:45:50.2173448+02:00,60.741,25.181,85.978,0.1,0.0,121.973,1.313,36.238,88.017,0.0,0.0
2026-08-31T14:45:52.9790129+02:00,60.741,25.181,85.978,0.4,0.0,121.865,1.333,36.238,88.017,0.0,0.0
2026-08-31T14:45:55.7192355+02:00,60.741,25.181,85.978,0.0,1.2,121.859,1.337,36.557,88.017,0.0,0.0
2026-08-31T14:45:58.4997585+02:00,60.741,25.181,85.978,0.0,0.0,121.858,1.342,36.557,88.017,0.0,0.0
2026-08-31T14:46:01.2803539+02:00,60.741,25.181,85.978,0.1,0.0,122.027,1.300,36.809,88.017,0.0,0.0
2026-08-31T14:46:04.0569863+02:00,60.741,25.181,85.978,0.0,0.0,121.914,1.322,36.809,88.017,0.0,0.0
2026-08-31T14:46:06.8131631+02:00,60.741,25.181,85.978,0.0,0.0,121.863,1.337,37.208,88.017,0.0,0.0
2026-08-31T14:46:09.5943620+02:00,60.741,25.181,85.978,0.3,0.0,121.974,1.308,37.208,88.017,0.0,0.0
2026-08-31T14:46:12.3776558+02:00,60.741,25.181,85.978,0.1,0.0,121.913,1.316,37.563,88.017,0.0,0.0
2026-08-31T14:46:15.1459165+02:00,60.741,25.181,85.978,0.0,0.0,121.857,1.336,37.563,88.017,0.0,0.0
2026-08-31T14:46:17.9213170+02:00,60.741,25.181,85.978,0.0,0.0,121.859,1.337,37.564,88.017,0.0,0.0
2026-08-31T14:46:20.6636935+02:00,60.741,25.181,85.978,0.0,0.0,122.001,1.313,38.014,88.017,0.0,0.0
2026-08-31T14:46:23.4303854+02:00,60.741,25.181,85.978,0.0,0.0,121.883,1.346,38.073,88.017,0.0,0.0
2026-08-31T14:46:26.1543237+02:00,60.741,25.181,85.978,0.0,0.3,121.849,1.343,38.622,88.017,0.0,0.0
2026-08-31T14:46:28.9285747+02:00,60.741,25.181,85.978,0.0,0.0,121.854,1.345,38.622,88.017,0.0,0.0
2026-08-31T14:46:31.6872724+02:00,60.741,25.181,85.978,0.1,0.0,121.933,1.291,39.096,88.017,0.0,0.0
2026-08-31T14:46:34.4582716+02:00,60.741,25.181,85.978,0.0,18.2,121.861,1.329,39.097,88.018,0.0,0.0
2026-08-31T14:46:37.2219648+02:00,60.741,25.181,85.978,0.0,0.0,121.850,1.347,39.813,88.018,0.0,0.0
2026-08-31T14:46:40.0012010+02:00,60.741,25.181,85.978,0.0,0.0,121.919,1.348,39.813,88.018,0.0,0.0
2026-08-31T14:46:42.7834592+02:00,60.741,25.181,85.978,0.0,0.0,121.856,1.494,39.813,88.018,0.0,0.0
2026-08-31T14:46:45.5638907+02:00,60.741,25.181,85.978,964.6,0.0,121.774,3.446,39.813,88.018,0.0,0.0
2026-08-31T14:46:48.3182923+02:00,60.741,25.181,85.978,0.0,0.2,121.764,3.456,39.813,88.018,0.0,0.0
2026-08-31T14:46:51.1083210+02:00,60.741,25.181,85.978,0.0,0.0,121.933,3.410,39.813,88.018,0.0,0.0
2026-08-31T14:46:53.8681209+02:00,60.741,25.181,85.978,0.0,0.0,121.764,3.451,39.813,88.018,0.0,0.0
2026-08-31T14:46:56.6194472+02:00,60.741,25.181,85.978,0.0,0.1,121.761,3.459,39.813,88.019,0.0,0.0
2026-08-31T14:46:59.4097702+02:00,60.741,25.181,85.978,0.0,0.7,121.867,3.433,39.813,88.019,0.0,0.0
2026-08-31T14:47:02.1961483+02:00,60.741,25.181,85.978,0.0,0.0,121.817,3.435,39.813,88.019,0.0,0.0
2026-08-31T14:47:04.9730961+02:00,60.741,25.181,85.978,0.1,0.3,121.759,3.457,39.813,88.019,0.0,0.0
2026-08-31T14:47:07.7533013+02:00,60.753,25.181,85.990,0.1,0.0,121.780,3.443,39.813,88.019,0.0,0.0
2026-08-31T14:47:10.5674460+02:00,60.759,25.181,85.996,0.0,0.0,121.903,3.411,39.813,88.019,0.0,0.0
2026-08-31T14:47:13.3422794+02:00,60.754,25.181,85.991,0.1,0.0,121.805,3.429,39.813,88.019,0.0,0.0
2026-08-31T14:47:16.1065581+02:00,60.749,25.181,85.986,0.1,0.1,121.850,3.374,39.813,88.019,0.0,0.0
2026-08-31T14:47:18.8905459+02:00,60.743,25.181,85.980,1.5,0.0,121.842,3.376,39.813,88.019,0.0,0.0
2026-08-31T14:47:21.6510559+02:00,60.751,25.181,85.988,0.1,0.0,121.885,3.359,39.813,88.019,0.0,0.0
2026-08-31T14:47:24.4037601+02:00,60.745,25.162,85.982,0.2,0.0,121.824,3.375,39.814,88.019,0.0,0.0
2026-08-31T14:47:27.1973211+02:00,60.741,25.181,85.978,0.2,0.0,121.815,3.389,39.814,88.019,0.0,0.0
2026-08-31T14:47:29.9955133+02:00,60.741,25.181,85.978,0.0,0.3,121.929,3.356,39.814,88.019,0.0,0.0
2026-08-31T14:47:32.7669014+02:00,60.741,25.181,85.978,0.0,0.2,121.824,3.369,39.814,88.019,0.0,0.0
2026-08-31T14:47:35.5324300+02:00,60.741,25.181,85.978,0.0,0.6,121.820,3.376,39.814,88.019,0.0,0.0
2026-08-31T14:47:38.2852533+02:00,60.741,25.181,85.978,0.0,0.0,121.824,3.378,39.814,88.019,0.0,0.0
2026-08-31T14:47:41.0607014+02:00,60.741,25.181,85.978,0.0,0.0,121.997,3.326,39.814,88.019,0.0,0.0
2026-08-31T14:47:43.8292631+02:00,60.741,25.181,85.978,0.0,0.0,121.830,3.365,39.814,88.019,0.0,0.0
2026-08-31T14:47:46.6065826+02:00,60.741,25.181,85.978,0.0,0.0,121.828,3.363,39.814,88.020,0.0,0.0
2026-08-31T14:47:49.3888405+02:00,60.741,25.181,85.978,0.0,0.0,121.929,3.343,39.814,88.020,0.0,0.0
2026-08-31T14:47:52.1691333+02:00,60.741,25.181,85.978,0.1,0.4,121.869,3.355,39.814,88.020,0.0,0.0
2026-08-31T14:47:54.9400280+02:00,60.741,25.181,85.978,0.0,0.0,121.813,3.375,39.814,88.020,0.0,0.0
2026-08-31T14:47:57.7063463+02:00,60.741,25.181,85.978,0.0,0.0,121.812,3.365,39.814,88.020,0.0,0.0
2026-08-31T14:48:00.4851968+02:00,60.741,25.181,85.978,0.0,0.2,121.937,3.333,39.814,88.020,0.0,0.0
2026-08-31T14:48:03.2917147+02:00,60.741,25.181,85.978,0.1,0.0,121.826,3.364,39.815,88.020,0.0,0.0
2026-08-31T14:48:06.0769429+02:00,60.741,25.181,85.978,0.0,0.0,121.821,3.368,39.815,88.020,0.0,0.0
2026-08-31T14:48:08.8586051+02:00,60.741,25.181,85.978,0.0,0.0,121.824,3.364,39.815,88.020,0.0,0.0
2026-08-31T14:48:11.6779923+02:00,60.741,25.181,85.978,0.0,0.0,121.980,3.330,39.815,88.020,0.0,0.0
2026-08-31T14:48:14.4638895+02:00,60.741,25.181,85.978,0.0,5.0,121.809,3.378,39.815,88.020,0.0,0.0
2026-08-31T14:48:17.1950413+02:00,60.741,25.181,85.978,0.0,0.0,121.807,3.379,39.815,88.020,0.0,0.0
2026-08-31T14:48:19.9851007+02:00,60.741,25.181,85.978,0.0,0.0,121.925,3.335,39.815,88.020,0.0,0.0
2026-08-31T14:48:22.7644919+02:00,60.741,25.181,85.978,0.0,0.0,121.861,3.357,39.815,88.020,0.0,0.0
2026-08-31T14:48:25.5449660+02:00,60.741,25.181,85.978,0.0,0.0,121.807,3.377,39.815,88.021,0.0,0.0
2026-08-31T14:48:28.3306497+02:00,60.741,25.181,85.978,0.0,0.0,121.804,3.382,39.815,88.021,0.0,0.0
2026-08-31T14:48:31.1001227+02:00,60.741,25.181,85.978,0.3,0.1,121.974,3.337,39.815,88.021,0.0,0.0
2026-08-31T14:48:33.8619414+02:00,60.741,25.181,85.978,0.1,0.0,121.803,3.364,39.815,88.021,0.0,0.0
2026-08-31T14:48:36.6341409+02:00,60.741,25.181,85.978,0.2,0.0,121.808,3.370,39.815,88.021,0.0,0.0
2026-08-31T14:48:39.3925969+02:00,60.741,25.181,85.978,0.0,0.9,121.915,3.347,39.815,88.021,0.0,0.0
2026-08-31T14:48:42.1686326+02:00,60.741,25.181,85.978,0.0,0.0,121.868,3.346,39.816,88.021,0.0,0.0
2026-08-31T14:48:44.9667725+02:00,60.741,25.181,85.978,0.0,0.0,121.807,3.371,39.816,88.021,0.0,0.0
2026-08-31T14:48:47.7408432+02:00,60.741,25.181,85.978,0.1,0.0,121.838,3.341,39.816,88.021,0.0,0.0
2026-08-31T14:48:50.5376396+02:00,60.741,25.181,85.978,0.0,0.0,121.935,3.322,39.816,88.021,0.0,0.0
2026-08-31T14:48:53.3453339+02:00,60.779,25.183,86.023,0.2,0.3,122.085,3.209,39.816,88.022,0.0,0.0
2026-08-31T14:48:56.1304145+02:00,60.781,25.183,86.021,0.0,0.0,122.058,3.219,39.816,88.022,0.0,0.0
2026-08-31T14:48:58.9073605+02:00,60.754,25.181,85.991,0.0,0.0,121.847,3.342,39.816,88.022,0.0,0.0
2026-08-31T14:49:01.7284990+02:00,60.753,25.181,85.990,0.0,0.0,122.012,3.301,39.816,88.022,0.0,0.0
2026-08-31T14:49:04.5160031+02:00,60.741,25.181,85.978,0.0,0.4,121.820,3.346,39.816,88.022,0.0,0.0
2026-08-31T14:49:07.2844704+02:00,60.741,25.181,85.978,0.0,0.0,121.847,3.368,39.816,88.022,0.0,0.0
2026-08-31T14:49:10.0825367+02:00,60.745,25.181,85.982,0.0,0.1,121.928,3.328,39.816,88.022,0.0,0.0
2026-08-31T14:49:12.8406866+02:00,60.745,25.181,85.982,0.1,0.0,121.825,3.353,39.816,88.022,0.0,0.0
2026-08-31T14:49:15.5970504+02:00,60.751,25.181,85.988,0.0,1.1,121.841,3.345,39.816,88.022,0.0,0.0
2026-08-31T14:49:18.3570910+02:00,60.749,25.181,85.986,0.0,0.0,121.860,3.331,39.816,88.022,0.0,0.0
2026-08-31T14:49:21.1279146+02:00,60.743,25.181,85.980,0.0,0.0,122.026,3.298,39.816,88.022,0.0,0.0
2026-08-31T14:49:23.8949313+02:00,60.743,25.181,85.980,0.4,0.1,121.845,3.341,39.817,88.022,0.0,0.0
2026-08-31T14:49:26.6748470+02:00,60.739,25.181,85.976,0.0,0.0,121.843,3.341,39.817,88.022,0.0,0.0
2026-08-31T14:49:29.4726302+02:00,60.739,25.181,85.976,0.0,4.4,121.934,3.310,39.817,88.022,0.0,0.0
2026-08-31T14:49:32.2530839+02:00,60.739,25.181,85.976,0.3,0.5,121.877,3.324,39.817,88.022,0.0,0.0
2026-08-31T14:49:35.0556313+02:00,60.739,25.181,85.976,0.0,0.0,121.825,3.342,39.817,88.022,0.0,0.0
2026-08-31T14:49:37.8113896+02:00,60.739,25.181,85.976,0.1,0.0,121.825,3.342,39.818,88.022,0.0,0.0
2026-08-31T14:49:40.5979435+02:00,60.739,25.181,85.976,0.1,0.0,121.940,3.305,39.820,88.023,0.0,0.0
2026-08-31T14:49:43.3599976+02:00,60.739,25.182,85.977,0.6,0.2,121.827,3.338,39.820,88.023,0.0,0.0
2026-08-31T14:49:46.1384241+02:00,60.739,25.182,85.978,0.7,0.0,121.790,3.384,39.823,88.024,0.0,0.0
2026-08-31T14:49:48.8994101+02:00,60.738,25.182,85.977,0.1,0.0,121.785,3.390,39.825,88.026,0.0,0.0
2026-08-31T14:49:51.7351476+02:00,60.739,25.183,85.979,0.0,0.5,121.953,3.347,39.825,88.026,0.0,0.0
2026-08-31T14:49:54.5010781+02:00,60.739,25.184,85.980,0.0,0.0,121.776,3.396,39.828,88.027,0.0,0.0
2026-08-31T14:49:57.2343092+02:00,60.739,25.185,85.981,0.2,0.0,121.780,3.393,39.831,88.028,0.0,0.0
2026-08-31T14:50:00.0349669+02:00,60.739,25.185,85.981,0.0,0.0,121.892,3.365,39.831,88.028,0.0,0.0
2026-08-31T14:50:02.8097546+02:00,60.739,25.186,85.982,0.0,0.0,121.840,3.370,39.833,88.029,0.0,0.0
2026-08-31T14:50:05.5713602+02:00,60.739,25.187,85.983,0.0,0.0,121.814,3.393,39.836,88.030,0.0,0.0
2026-08-31T14:50:08.2875017+02:00,60.739,25.187,85.983,0.0,0.0,121.787,3.386,39.836,88.030,0.0,0.0
2026-08-31T14:50:11.0797103+02:00,60.739,25.188,85.984,0.0,0.0,121.953,3.349,39.838,88.031,0.0,0.0
2026-08-31T14:50:13.8680860+02:00,60.739,25.189,85.985,0.0,0.0,121.794,3.385,39.841,88.032,0.0,0.0
2026-08-31T14:50:16.6835052+02:00,60.739,25.189,85.985,0.0,0.0,121.836,3.548,39.088,88.032,0.0,0.0
2026-08-31T14:50:19.5106257+02:00,60.739,25.190,85.986,0.0,0.0,121.938,3.550,37.620,88.033,0.0,0.0
2026-08-31T14:50:22.2932777+02:00,60.739,25.191,85.987,0.3,1.2,121.891,3.546,37.622,88.034,0.0,0.0
2026-08-31T14:50:25.0727865+02:00,60.739,25.191,85.987,0.0,0.0,121.833,3.552,37.630,88.034,0.0,0.0
2026-08-31T14:50:27.8487445+02:00,60.739,25.192,85.988,0.0,0.0,121.835,3.566,37.633,88.036,0.0,0.0
2026-08-31T14:50:30.6263190+02:00,60.739,25.193,85.989,0.0,0.0,121.946,3.534,37.636,88.037,0.0,0.0
2026-08-31T14:50:33.4087713+02:00,60.739,25.193,85.989,0.0,0.0,121.836,3.561,37.636,88.037,0.0,0.0
2026-08-31T14:50:36.1720878+02:00,60.739,25.194,85.990,0.0,0.0,121.840,3.558,37.875,88.038,0.0,0.0
2026-08-31T14:50:38.9063241+02:00,60.739,25.195,85.991,0.0,0.0,121.841,3.558,38.300,88.039,0.0,0.0
2026-08-31T14:50:41.7159711+02:00,60.739,25.195,85.991,0.0,0.4,122.003,3.521,38.300,88.039,0.0,0.0
2026-08-31T14:50:44.4753410+02:00,60.739,25.196,85.991,0.0,0.0,121.840,3.551,38.311,88.040,0.0,0.0
2026-08-31T14:50:47.2282879+02:00,60.739,25.197,85.992,0.0,0.0,121.824,3.567,38.313,88.041,0.0,0.0
2026-08-31T14:50:49.9959417+02:00,60.739,25.197,85.992,0.0,0.0,121.940,3.535,38.322,88.041,0.0,0.0
2026-08-31T14:50:52.7973231+02:00,60.739,25.198,85.993,0.0,0.0,121.879,3.544,38.324,88.042,0.0,0.0
2026-08-31T14:50:55.5423711+02:00,60.739,25.199,85.994,0.0,0.3,121.825,3.563,38.335,88.043,0.0,0.0
2026-08-31T14:50:58.3052547+02:00,60.739,25.199,85.994,0.0,1.2,121.819,3.568,38.335,88.043,0.0,0.0
2026-08-31T14:51:01.1036779+02:00,60.739,25.200,85.995,0.8,0.2,121.991,3.523,38.351,88.044,0.0,0.0
2026-08-31T14:51:03.8099494+02:00,60.738,24.931,85.995,0.1,0.0,121.827,3.559,38.354,88.045,0.0,0.0
2026-08-31T14:51:06.5850609+02:00,60.739,25.201,85.996,0.6,0.0,121.826,3.561,38.354,88.045,0.0,0.0
2026-08-31T14:51:09.3438405+02:00,60.739,25.202,85.997,0.0,0.0,121.831,3.556,38.365,88.046,0.0,0.0
2026-08-31T14:51:12.1079743+02:00,60.739,25.202,85.997,0.2,0.0,121.890,3.529,38.368,88.047,0.0,0.0
2026-08-31T14:51:14.8858484+02:00,60.739,25.203,85.998,0.0,27.8,121.850,3.539,38.375,88.047,0.0,0.0
2026-08-31T14:51:17.6613170+02:00,60.739,25.204,85.999,0.0,0.0,121.839,3.544,38.378,88.048,0.0,0.0
2026-08-31T14:51:20.4331658+02:00,60.739,25.204,85.999,0.0,0.0,121.957,3.506,38.389,88.050,0.0,0.0
2026-08-31T14:51:23.1988012+02:00,60.739,25.205,86.000,0.0,0.0,121.845,3.535,38.389,88.050,0.0,0.0
2026-08-31T14:51:25.9544390+02:00,60.739,25.206,86.001,0.0,0.0,121.846,3.526,38.400,88.051,0.0,0.0
2026-08-31T14:51:28.6846581+02:00,60.739,25.206,86.001,0.1,0.0,121.848,3.532,38.402,88.052,0.0,0.0
2026-08-31T14:51:31.4612996+02:00,60.739,25.207,86.002,0.0,0.0,122.023,3.476,38.411,88.052,0.0,0.0
2026-08-31T14:51:34.1676491+02:00,60.739,25.208,86.003,0.0,0.5,121.858,3.520,38.427,88.053,0.0,0.0
2026-08-31T14:51:36.9531320+02:00,60.739,25.208,86.003,0.0,0.0,121.854,3.521,38.428,88.053,0.0,0.0
2026-08-31T14:51:39.7093968+02:00,60.739,25.209,86.004,0.4,0.0,121.968,3.492,38.443,88.054,0.0,0.0
2026-08-31T14:51:42.4905101+02:00,60.739,25.210,86.005,0.0,0.2,121.906,3.502,38.446,88.055,0.0,0.0
2026-08-31T14:51:45.2559075+02:00,60.739,25.210,86.005,0.0,0.0,121.798,3.582,38.454,88.055,0.0,0.0
2026-08-31T14:51:48.0322926+02:00,60.739,25.211,86.006,0.0,0.0,121.795,3.588,38.456,88.056,0.0,0.0
2026-08-31T14:51:50.7857304+02:00,60.739,25.212,86.007,0.0,0.0,121.967,3.543,38.468,88.057,0.0,0.0
2026-08-31T14:51:53.5466045+02:00,60.740,25.212,86.008,0.0,0.0,121.805,3.588,38.468,88.057,0.0,0.0
2026-08-31T14:51:56.3218070+02:00,60.744,25.213,86.013,0.0,0.0,121.796,3.590,38.478,88.058,0.0,0.0
2026-08-31T14:51:59.0722193+02:00,60.744,25.214,86.014,0.0,0.0,121.797,3.590,38.481,88.059,0.0,0.0
2026-08-31T14:52:01.8633315+02:00,60.743,25.214,86.014,0.2,0.0,121.868,3.561,38.481,88.059,0.0,0.0
2026-08-31T14:52:04.5842661+02:00,60.743,25.215,86.014,0.0,0.0,121.814,3.580,38.483,88.060,0.0,0.0
2026-08-31T14:52:07.3300178+02:00,60.743,25.215,86.014,0.0,0.0,121.810,3.580,38.486,88.061,0.0,0.0
2026-08-31T14:52:10.1004295+02:00,60.739,25.216,86.011,0.0,0.1,121.913,3.549,38.486,88.061,0.0,0.0
2026-08-31T14:52:12.8843748+02:00,60.739,25.217,86.012,0.0,0.0,121.864,3.551,38.489,88.063,0.0,0.0
2026-08-31T14:52:15.5940919+02:00,60.739,25.217,86.012,0.0,0.2,121.847,3.525,38.491,88.064,0.0,0.0
2026-08-31T14:52:18.3684994+02:00,60.739,25.218,86.013,0.0,0.0,121.849,3.525,38.491,88.064,0.0,0.0
2026-08-31T14:52:21.1704277+02:00,60.739,25.219,86.014,0.2,0.1,122.021,3.484,38.494,88.065,0.0,0.0
2026-08-31T14:52:29.5622404+02:00,60.739,25.221,86.016,0.0,0.0,122.038,3.463,38.499,88.067,0.0,0.0
2026-08-31T14:52:32.3235667+02:00,60.739,25.221,86.016,0.2,0.1,121.941,3.464,38.499,88.067,0.0,0.0
2026-08-31T14:52:35.1080281+02:00,60.739,25.222,86.017,0.3,0.1,121.890,3.487,38.501,88.068,0.0,0.0
2026-08-31T14:52:37.8303116+02:00,60.738,24.931,86.016,0.1,0.0,121.887,3.487,38.504,88.069,0.0,0.0
2026-08-31T14:52:40.5619898+02:00,60.739,25.223,86.018,0.1,0.0,121.994,3.455,38.504,88.069,0.0,0.0
2026-08-31T14:52:43.3125527+02:00,60.739,25.224,86.019,0.3,0.0,121.881,3.486,38.507,88.070,0.0,0.0
2026-08-31T14:52:46.0294509+02:00,60.739,25.224,86.019,0.1,1.1,121.873,3.492,38.509,88.071,0.0,0.0
2026-08-31T14:52:48.8080701+02:00,60.739,25.224,86.020,0.2,0.0,121.871,3.490,38.509,88.071,0.0,0.0
2026-08-31T14:52:51.5833097+02:00,60.739,25.225,86.021,0.1,0.0,122.046,3.443,38.512,88.072,0.0,0.0
2026-08-31T14:52:54.3535222+02:00,60.739,25.225,86.021,0.0,0.0,121.872,3.487,38.512,88.072,0.0,0.0
2026-08-31T14:52:57.1123406+02:00,60.739,25.226,86.022,0.0,0.0,121.869,3.492,38.514,88.073,0.0,0.0
2026-08-31T14:52:59.8477362+02:00,60.738,24.931,86.022,0.0,0.0,121.981,3.462,38.517,88.074,0.0,0.0
2026-08-31T14:53:02.6348588+02:00,60.739,25.227,86.023,0.0,0.0,121.926,3.470,38.517,88.074,0.0,0.0
2026-08-31T14:53:05.4016134+02:00,60.739,25.228,86.024,0.1,0.0,121.875,3.492,38.519,88.076,0.0,0.0
2026-08-31T14:53:08.1805897+02:00,60.739,25.228,86.024,1.4,0.9,121.872,3.492,38.522,88.077,0.0,0.0
2026-08-31T14:53:10.9310750+02:00,60.739,25.229,86.025,0.0,0.0,121.987,3.457,38.522,88.077,0.0,0.0
2026-08-31T14:53:13.6969546+02:00,60.739,25.230,86.026,0.0,0.0,121.870,3.488,38.525,88.078,0.0,0.0
2026-08-31T14:53:16.4538461+02:00,60.739,25.230,86.026,0.0,0.0,121.875,3.486,38.525,88.078,0.0,0.0
2026-08-31T14:53:19.2171388+02:00,60.739,25.231,86.027,0.0,0.0,121.875,3.484,38.527,88.079,0.0,0.0
2026-08-31T14:53:22.0108000+02:00,60.738,24.931,86.026,0.0,0.4,121.939,3.457,38.530,88.080,0.0,0.0
2026-08-31T14:53:24.7906422+02:00,60.739,25.232,86.028,0.0,0.0,121.880,3.478,38.530,88.080,0.0,0.0
2026-08-31T14:53:27.5484993+02:00,60.739,25.233,86.029,0.0,0.0,121.924,3.474,38.532,88.081,0.0,0.0
2026-08-31T14:53:30.2511064+02:00,60.739,25.233,86.029,0.1,0.0,121.993,3.546,38.535,88.082,0.0,0.0
2026-08-31T14:53:33.0191604+02:00,60.739,25.234,86.030,0.0,0.0,121.887,3.468,38.535,88.082,0.0,0.0
2026-08-31T14:53:35.7594057+02:00,60.739,25.235,86.031,0.0,0.0,121.887,3.471,38.538,88.083,0.0,0.0
2026-08-31T14:53:38.5157205+02:00,60.739,25.235,86.031,2.8,1.3,121.878,3.479,38.538,88.083,0.0,0.0
2026-08-31T14:53:41.3032616+02:00,60.739,25.236,86.032,0.0,0.0,122.043,3.441,38.540,88.084,0.0,0.0
2026-08-31T14:53:44.0598287+02:00,60.739,25.236,86.032,0.4,0.2,121.884,3.472,38.543,88.085,0.0,0.0
2026-08-31T14:53:46.8280246+02:00,60.739,25.237,86.033,0.0,0.0,121.884,3.476,38.543,88.085,0.0,0.0
2026-08-31T14:53:49.6336579+02:00,60.739,25.238,86.034,0.3,0.0,121.989,3.444,38.545,88.086,0.0,0.0
2026-08-31T14:53:52.3962194+02:00,60.746,25.239,86.043,0.0,0.8,122.159,3.342,38.335,88.086,0.0,0.0
2026-08-31T14:53:55.1724354+02:00,60.779,25.242,86.078,0.0,0.0,122.146,3.327,38.548,88.087,0.0,0.0
2026-08-31T14:53:57.9815713+02:00,60.752,25.240,86.048,0.0,0.0,121.923,3.444,38.551,88.088,0.0,0.0
2026-08-31T14:54:00.6901496+02:00,60.751,25.240,86.047,0.3,0.1,122.028,3.416,38.551,88.088,0.0,0.0
2026-08-31T14:54:03.4513801+02:00,60.743,25.241,86.040,0.3,0.0,121.912,3.440,38.552,88.090,0.0,0.0
2026-08-31T14:54:06.2505125+02:00,60.743,25.241,86.040,0.0,0.5,122.007,3.357,38.662,88.200,0.0,0.0
2026-08-31T14:54:09.0161458+02:00,60.743,25.241,86.040,0.0,0.0,122.006,3.344,38.662,88.200,0.0,0.0
2026-08-31T14:54:11.8325349+02:00,60.743,25.243,86.042,0.3,0.1,122.284,3.193,38.777,88.312,0.0,0.0
2026-08-31T14:54:14.6053073+02:00,60.743,25.243,86.042,0.1,0.0,122.106,3.237,38.777,88.312,0.0,0.0
2026-08-31T14:54:17.2915876+02:00,60.751,25.243,86.050,0.1,0.0,122.138,3.161,38.780,88.315,0.0,0.0
2026-08-31T14:54:19.9666726+02:00,60.751,25.243,86.050,0.4,0.3,122.258,3.123,38.780,88.315,0.0,0.0
2026-08-31T14:54:22.6641072+02:00,60.751,25.243,86.050,1.6,0.0,122.208,3.122,38.780,88.315,0.0,0.0
2026-08-31T14:54:25.3513879+02:00,60.743,25.243,86.042,0.3,0.6,122.142,3.145,38.780,88.315,0.0,0.0
2026-08-31T14:54:28.0368004+02:00,60.739,25.243,86.038,0.0,0.5,122.140,3.141,38.780,88.315,0.0,0.0
2026-08-31T14:54:30.7135473+02:00,60.740,25.243,86.039,0.2,0.1,122.255,3.094,38.780,88.315,0.0,0.0
2026-08-31T14:54:33.3749044+02:00,60.743,25.243,86.043,0.4,0.5,122.134,3.132,38.780,88.315,0.0,0.0
2026-08-31T14:54:36.0512076+02:00,60.743,25.243,86.042,0.1,0.0,122.141,3.124,38.780,88.315,0.0,0.0
2026-08-31T14:54:38.7079230+02:00,60.743,25.243,86.042,0.1,0.0,122.143,3.119,38.780,88.315,0.0,0.0
2026-08-31T14:54:41.3935058+02:00,60.739,25.243,86.038,0.0,0.0,122.310,3.076,38.780,88.315,0.0,0.0
2026-08-31T14:54:44.0780719+02:00,60.739,25.243,86.038,0.0,0.0,122.135,3.113,38.780,88.315,0.0,0.0
2026-08-31T14:54:46.7543710+02:00,60.739,25.243,86.038,0.0,0.0,122.086,3.168,38.780,88.315,0.0,0.0
2026-08-31T14:54:49.4262808+02:00,60.739,25.243,86.038,0.6,0.2,122.105,3.143,38.786,88.320,0.0,0.0
2026-08-31T14:54:52.1695404+02:00,60.739,25.243,86.038,0.0,0.1,121.884,3.391,38.528,88.060,0.0,0.3
2026-08-31T14:54:54.9298286+02:00,60.739,25.243,86.038,0.0,0.0,121.827,3.412,38.528,88.060,0.0,0.0
2026-08-31T14:54:57.7078630+02:00,60.739,25.243,86.038,0.0,0.0,121.825,3.417,38.529,88.060,0.0,0.0
2026-08-31T14:55:00.4698263+02:00,60.743,25.243,86.042,0.0,0.2,121.946,3.380,38.529,88.060,0.0,0.0
2026-08-31T14:55:03.2445791+02:00,60.743,25.243,86.042,0.0,0.0,121.835,3.402,38.529,88.061,0.0,0.0
2026-08-31T14:55:06.0256784+02:00,60.743,25.243,86.042,0.3,0.0,121.831,3.405,38.529,88.061,0.0,0.0
2026-08-31T14:55:08.8343112+02:00,60.743,25.243,86.042,0.1,0.0,121.825,3.412,38.529,88.061,0.0,0.0
2026-08-31T14:55:11.6001475+02:00,60.749,25.243,86.048,0.0,0.0,122.001,3.363,38.529,88.061,0.0,0.0
2026-08-31T14:55:14.3800977+02:00,60.749,25.243,86.048,0.0,1.6,121.838,3.402,38.529,88.061,0.0,0.0
2026-08-31T14:55:17.1595669+02:00,60.749,25.243,86.048,0.0,0.0,121.895,3.305,38.529,88.061,0.0,0.0
2026-08-31T14:55:19.8869156+02:00,60.749,25.243,86.048,0.0,0.0,122.044,3.361,38.236,88.060,0.0,0.0
